EPISODE,LUX,STATE_IDX,PWM,REWARD,EPSILON,ALPHA_LAST,Q_S2_LIGHT_UP,Q_S2_LIGHT_DOWN
1,64.17,0,0,-1.0000,0.9990,0.5000,2.4263,2.1929
2,64.17,0,10,-1.0000,0.9980,1.0000,2.4263,2.1929
3,130.00,1,10,-0.7500,0.9970,1.0000,2.4263,2.1929
4,130.00,1,0,-0.6900,0.9960,1.0000,2.4263,2.1929
5,65.00,0,10,-1.0000,0.9950,0.5000,2.4263,2.1929
6,130.00,1,0,-0.7500,0.9940,0.5000,2.4263,2.1929
7,65.00,0,0,-1.0000,0.9930,1.0000,2.4263,2.1929
8,64.17,0,0,-1.0000,0.9920,0.5000,2.4263,2.1929
9,65.00,0,0,-1.0000,0.9910,0.3333,2.4263,2.1929
10,65.00,0,0,-1.0000,0.9900,0.3333,2.4263,2.1929
11,64.17,0,0,-1.0000,0.9891,0.2500,2.4263,2.1929
12,64.17,0,0,-1.0000,0.9881,0.2500,2.4263,2.1929
13,64.17,0,10,-1.0000,0.9871,0.3333,2.4263,2.1929
14,130.00,1,0,-0.7500,0.9861,0.3333,2.4263,2.1929
15,64.17,0,10,-1.0000,0.9851,0.2500,2.4263,2.1929
16,130.00,1,20,-0.7500,0.9841,1.0000,2.4263,2.1929
17,195.83,1,10,-0.0917,0.9831,0.2500,2.4263,2.1929
18,130.00,1,0,-0.7500,0.9822,0.2000,2.4263,2.1929
19,64.17,0,0,-1.0000,0.9812,0.2000,2.4263,2.1929
20,64.17,0,10,-1.0000,0.9802,0.2000,2.4263,2.1929
21,130.00,1,20,-0.7500,0.9792,0.5000,2.4263,2.1929
22,195.83,1,10,-0.0917,0.9782,0.1667,2.4263,2.1929
23,130.00,1,10,-0.7500,0.9773,0.5000,2.4263,2.1929
24,129.17,1,10,-0.6983,0.9763,0.3333,2.4263,2.1929
25,129.17,1,10,-0.6983,0.9753,0.2500,2.4263,2.1929
26,129.17,1,0,-0.6983,0.9743,0.1429,2.4263,2.1929
27,64.17,0,0,-1.0000,0.9733,0.2000,2.4263,2.1929
28,63.33,0,10,-1.0000,0.9724,0.1667,2.4263,2.1929
29,129.17,1,20,-0.7583,0.9714,0.3333,2.4263,2.1929
30,195.00,1,10,-0.1000,0.9704,0.1250,2.4263,2.1929
31,129.17,1,20,-0.7583,0.9695,0.2500,2.4263,2.1929
32,195.00,1,10,-0.1000,0.9685,0.1111,2.4263,2.1929
33,129.17,1,20,-0.7583,0.9675,0.2000,2.4263,2.1929
34,195.00,1,20,-0.1000,0.9666,0.2000,2.4263,2.1929
35,195.00,1,10,-0.0400,0.9656,0.1000,2.4263,2.1929
36,129.17,1,20,-0.7583,0.9646,0.1667,2.4263,2.1929
37,195.00,1,10,-0.1000,0.9637,0.0909,2.4263,2.1929
38,129.17,1,0,-0.7583,0.9627,0.0833,2.4263,2.1929
39,63.33,0,0,-1.0000,0.9617,0.1667,2.4263,2.1929
40,63.33,0,0,-1.0000,0.9608,0.1667,2.4263,2.1929
41,63.33,0,10,-1.0000,0.9598,0.1429,2.4263,2.1929
42,129.17,1,20,-0.7583,0.9589,0.1429,2.4263,2.1929
43,195.83,1,30,-0.0917,0.9579,0.1250,2.4263,2.1929
44,261.67,2,40,0.5667,0.9569,1.0000,2.4263,2.1929
45,326.67,2,40,0.6833,0.9560,1.0000,2.4263,2.1929
46,327.50,2,30,0.7350,0.9550,1.0000,2.4263,2.1929
47,260.83,2,40,0.5583,0.9541,0.5000,2.4263,2.1929
48,325.83,2,40,0.6917,0.9531,0.5000,2.4263,2.1929
49,326.67,2,30,0.7433,0.9522,0.5000,2.4263,2.1929
50,260.83,2,30,0.5583,0.9512,0.3333,2.4263,2.1929
51,260.83,2,30,0.6183,0.9503,0.2500,2.4263,2.1929
52,260.83,2,40,0.6183,0.9493,0.3333,2.4263,2.1929
53,326.67,2,50,0.6833,0.9484,0.2500,2.4263,2.1929
54,392.50,3,40,0.0250,0.9474,1.0000,2.4263,2.1929
55,326.67,2,30,0.6833,0.9465,0.3333,2.4263,2.1929
56,261.67,2,30,0.5667,0.9455,0.2000,2.4263,2.1929
57,261.67,2,20,0.6267,0.9446,0.2500,2.4263,2.1929
58,195.00,1,10,-0.1000,0.9436,0.0769,2.4263,2.1929
59,129.17,1,0,-0.7583,0.9427,0.0714,2.4263,2.1929
60,63.33,0,0,-1.0000,0.9417,0.1429,2.4263,2.1929
61,63.33,0,10,-1.0000,0.9408,0.1250,2.4263,2.1929
62,129.17,1,10,-0.7583,0.9399,0.1667,2.4263,2.1929
63,129.17,1,10,-0.6983,0.9389,0.1429,2.4263,2.1929
64,129.17,1,20,-0.6983,0.9380,0.1111,2.4263,2.1929
65,195.83,1,10,-0.0917,0.9370,0.0667,2.4263,2.1929
66,129.17,1,0,-0.7583,0.9361,0.0625,2.4263,2.1929
67,64.17,0,10,-1.0000,0.9352,0.1111,2.4263,2.1929
68,129.17,1,10,-0.7583,0.9342,0.1250,2.4263,2.1929
69,129.17,1,20,-0.6983,0.9333,0.1000,2.4263,2.1929
70,195.00,1,10,-0.1000,0.9324,0.0588,2.4263,2.1929
71,129.17,1,0,-0.7583,0.9314,0.0556,2.4263,2.1929
72,63.33,0,0,-1.0000,0.9305,0.1250,2.4263,2.1929
73,63.33,0,0,-1.0000,0.9296,0.1111,2.4263,2.1929
74,63.33,0,10,-1.0000,0.9286,0.1000,2.4263,2.1929
75,129.17,1,0,-0.7583,0.9277,0.0526,2.4263,2.1929
76,63.33,0,10,-1.0000,0.9268,0.0909,2.4263,2.1929
77,129.17,1,0,-0.7583,0.9259,0.0500,2.4263,2.1929
78,65.83,0,0,-1.0000,0.9249,0.1000,2.4263,2.1929
79,65.83,0,10,-1.0000,0.9240,0.0833,2.4263,2.1929
80,130.83,1,10,-0.7417,0.9231,0.1111,2.4263,2.1929
81,130.83,1,10,-0.6817,0.9222,0.1000,2.4263,2.1929
82,129.17,1,10,-0.6983,0.9212,0.0909,2.4263,2.1929
83,129.17,1,20,-0.6983,0.9203,0.0909,2.4263,2.1929
84,195.00,1,20,-0.1000,0.9194,0.0833,2.4263,2.1929
85,195.00,1,30,-0.0400,0.9185,0.0833,2.4263,2.1929
86,260.83,2,20,0.5583,0.9176,0.2000,2.4263,2.1929
87,195.00,1,20,-0.1000,0.9166,0.0769,2.4263,2.1929
88,195.00,1,20,-0.0400,0.9157,0.0714,2.4263,2.1929
89,195.00,1,30,-0.0400,0.9148,0.0769,2.4263,2.1929
90,259.17,2,40,0.5417,0.9139,0.2000,2.4263,2.1929
91,325.00,2,30,0.7000,0.9130,0.1667,2.4263,2.1929
92,259.17,2,30,0.5417,0.9121,0.1667,2.4263,2.1929
93,259.17,2,30,0.6017,0.9112,0.1429,2.4263,2.1929
94,259.17,2,30,0.6017,0.9102,0.1250,2.4263,2.1929
95,259.17,2,30,0.6017,0.9093,0.1111,2.4263,2.1929
96,259.17,2,30,0.6017,0.9084,0.1000,2.4263,2.1929
97,259.17,2,30,0.6017,0.9075,0.0909,2.4263,2.1929
98,260.00,2,20,0.6100,0.9066,0.1429,2.4263,2.1929
99,194.17,1,20,-0.1083,0.9057,0.0667,2.4263,2.1929
100,194.17,1,30,-0.0483,0.9048,0.0714,2.4263,2.1929
101,260.83,2,40,0.5583,0.9039,0.1667,2.4263,2.1929
102,325.83,2,40,0.6917,0.9030,0.0833,2.4263,2.1929
103,326.67,2,30,0.7433,0.9021,0.1250,2.4263,2.1929
104,260.83,2,20,0.5583,0.9012,0.1111,2.4263,2.1929
105,194.17,1,20,-0.1083,0.9003,0.0625,2.4263,2.1929
106,194.17,1,10,-0.0483,0.8994,0.0476,2.4263,2.1929
107,128.33,1,10,-0.7667,0.8985,0.0588,2.4263,2.1929
108,128.33,1,0,-0.7067,0.8976,0.0455,2.4263,2.1929
109,62.50,0,10,-1.0000,0.8967,0.0769,2.4263,2.1929
110,128.33,1,0,-0.7667,0.8958,0.0435,2.4263,2.1929
111,62.50,0,0,-1.0000,0.8949,0.1429,2.4263,2.1929
112,62.50,0,10,-1.0000,0.8940,0.0714,2.4263,2.1929
113,128.33,1,10,-0.7667,0.8931,0.0556,2.4263,2.1929
114,128.33,1,20,-0.7067,0.8922,0.0667,2.4263,2.1929
115,194.17,1,30,-0.1083,0.8913,0.0625,2.4263,2.1929
116,260.83,2,20,0.5583,0.8904,0.1000,2.4263,2.1929
117,194.17,1,30,-0.1083,0.8895,0.0588,2.4263,2.1929
118,260.83,2,40,0.5583,0.8886,0.1429,2.4263,2.1929
119,325.83,2,40,0.6917,0.8878,0.0769,2.4263,2.1929
120,326.67,2,50,0.7433,0.8869,0.1250,2.4263,2.1929
121,392.50,3,50,0.0250,0.8860,1.0000,2.4263,2.1929
122,393.33,3,60,0.0767,0.8851,1.0000,2.4263,2.1929
123,459.17,3,50,-0.6417,0.8842,0.5000,2.4263,2.1929
124,392.50,3,40,0.0250,0.8833,0.3333,2.4263,2.1929
125,326.67,2,40,0.6833,0.8824,0.0714,2.4263,2.1929
126,325.83,2,40,0.7517,0.8816,0.0667,2.4263,2.1929
127,325.83,2,50,0.7517,0.8807,0.1111,2.4263,2.1929
128,392.50,3,40,0.0250,0.8798,0.2500,2.4263,2.1929
129,326.67,2,40,0.6833,0.8789,0.0625,2.4263,2.1929
130,325.83,2,40,0.7517,0.8780,0.0588,2.4263,2.1929
131,325.00,2,50,0.7600,0.8772,0.1000,2.4263,2.1929
132,391.67,3,60,0.0333,0.8763,0.5000,2.4263,2.1929
133,457.50,3,60,-0.6250,0.8754,0.5000,2.4263,2.1929
134,458.33,3,60,-0.5733,0.8745,0.3333,2.4263,2.1929
135,460.00,3,60,-0.5900,0.8737,0.2500,2.4263,2.1929
136,459.17,3,50,-0.5817,0.8728,0.2000,2.4263,2.1929
137,392.50,3,40,0.0250,0.8719,0.1667,2.4263,2.1929
138,326.67,2,40,0.6833,0.8710,0.0556,2.4263,2.1929
139,326.67,2,30,0.7433,0.8702,0.0909,2.4263,2.1929
140,260.83,2,40,0.5583,0.8693,0.0909,2.4263,2.1929
141,326.67,2,30,0.6833,0.8684,0.0833,2.4263,2.1929
142,260.83,2,40,0.5583,0.8676,0.0833,2.4263,2.1929
143,326.67,2,50,0.6833,0.8667,0.0769,2.4263,2.1929
144,392.50,3,50,0.0250,0.8658,0.2000,2.4263,2.1929
145,392.50,3,60,0.0850,0.8650,0.3333,2.4263,2.1929
146,459.17,3,50,-0.6417,0.8641,0.1429,2.4263,2.1929
147,392.50,3,40,0.0250,0.8632,0.1250,2.4263,2.1929
148,326.67,2,30,0.6833,0.8624,0.0769,2.4263,2.1929
149,260.83,2,30,0.5583,0.8615,0.0526,2.4263,2.1929
150,260.83,2,30,0.6183,0.8606,0.0500,2.4263,2.1929
151,260.83,2,30,0.6183,0.8598,0.0476,2.4263,2.1929
152,260.83,2,20,0.6183,0.8589,0.0714,2.4263,2.1929
153,195.00,1,30,-0.1000,0.8581,0.0556,2.4263,2.1929
154,261.67,2,30,0.5667,0.8572,0.0455,2.4263,2.1929
155,261.67,2,40,0.6267,0.8564,0.0714,2.4263,2.1929
156,327.50,2,40,0.6750,0.8555,0.0435,2.4263,2.1929
157,327.50,2,40,0.7350,0.8546,0.0417,2.4263,2.1929
158,326.67,2,30,0.7433,0.8538,0.0667,2.4263,2.1929
159,261.67,2,20,0.5667,0.8529,0.0625,2.4263,2.1929
160,195.83,1,20,-0.0917,0.8521,0.0526,2.4263,2.1929
161,195.83,1,10,-0.0317,0.8512,0.0417,2.4263,2.1929
162,130.00,1,20,-0.7500,0.8504,0.0526,2.4263,2.1929
163,195.83,1,30,-0.0917,0.8495,0.0500,2.4263,2.1929
164,261.67,2,20,0.5667,0.8487,0.0588,2.4263,2.1929
165,195.83,1,10,-0.0917,0.8478,0.0400,2.4263,2.1929
166,129.17,1,20,-0.7583,0.8470,0.0476,2.4263,2.1929
167,195.00,1,30,-0.1000,0.8461,0.0455,2.4263,2.1929
168,260.83,2,40,0.5583,0.8453,0.0667,2.4263,2.1929
169,327.50,2,50,0.6750,0.8444,0.0625,2.4263,2.1929
170,394.17,3,40,0.0083,0.8436,0.1111,2.4263,2.1929
171,327.50,2,40,0.6750,0.8428,0.0400,2.4263,2.1929
172,327.50,2,50,0.7350,0.8419,0.0588,2.4263,2.1929
173,393.33,3,40,0.0167,0.8411,0.1000,2.4263,2.1929
174,327.50,2,40,0.6750,0.8402,0.0385,2.4263,2.1929
175,327.50,2,30,0.7350,0.8394,0.0556,2.4263,2.1929
176,261.67,2,40,0.5667,0.8385,0.0556,2.4263,2.1929
177,327.50,2,30,0.6750,0.8377,0.0526,2.4263,2.1929
178,261.67,2,30,0.5667,0.8369,0.0370,2.4263,2.1929
179,260.83,2,30,0.6183,0.8360,0.0357,2.4263,2.1929
180,260.83,2,40,0.6183,0.8352,0.0526,2.4263,2.1929
181,327.50,2,50,0.6750,0.8344,0.0500,2.4263,2.1929
182,393.33,3,50,0.0167,0.8335,0.1667,2.4263,2.1929
183,393.33,3,40,0.0767,0.8327,0.0909,2.4263,2.1929
184,326.67,2,30,0.6833,0.8319,0.0500,2.4263,2.1929
185,260.83,2,40,0.5583,0.8310,0.0476,2.4263,2.1929
186,326.67,2,40,0.6833,0.8302,0.0345,2.4263,2.1929
187,326.67,2,50,0.7433,0.8294,0.0455,2.4263,2.1929
188,393.33,3,60,0.0167,0.8285,0.2500,2.4263,2.1929
189,459.17,3,50,-0.6417,0.8277,0.0833,2.4263,2.1929
190,393.33,3,40,0.0167,0.8269,0.0769,2.4263,2.1929
191,326.67,2,50,0.6833,0.8261,0.0435,2.4263,2.1929
192,392.50,3,50,0.0250,0.8252,0.1429,2.4263,2.1929
193,392.50,3,50,0.0850,0.8244,0.1250,2.4263,2.1929
194,392.50,3,40,0.0850,0.8236,0.0714,2.4263,2.1929
195,326.67,2,40,0.6833,0.8228,0.0333,2.4263,2.1929
196,326.67,2,50,0.7433,0.8219,0.0417,2.4263,2.1929
197,391.67,3,50,0.0333,0.8211,0.1111,2.4263,2.1929
198,393.33,3,40,0.0767,0.8203,0.0667,2.4263,2.1929
199,325.83,2,50,0.6917,0.8195,0.0400,2.4263,2.1929
200,392.50,3,40,0.0250,0.8187,0.0625,2.4263,2.1929
201,325.83,2,30,0.6917,0.8178,0.0476,2.4263,2.1929
202,260.00,2,20,0.5500,0.8170,0.0455,2.4263,2.1929
203,195.00,1,10,-0.1000,0.8162,0.0385,2.4263,2.1929
204,128.33,1,20,-0.7667,0.8154,0.0435,2.4263,2.1929
205,195.00,1,20,-0.1000,0.8146,0.0500,2.4263,2.1929
206,195.00,1,30,-0.0400,0.8138,0.0417,2.4263,2.1929
207,261.67,2,40,0.5667,0.8129,0.0385,2.4263,2.1929
208,326.67,2,40,0.6833,0.8121,0.0323,2.4263,2.1929
209,327.50,2,50,0.7350,0.8113,0.0370,2.4263,2.1929
210,394.17,3,40,0.0083,0.8105,0.0588,2.4263,2.1929
211,310.83,2,40,0.8417,0.8097,0.0312,2.4263,2.1929
212,310.00,2,40,0.9100,0.8089,0.0303,2.4263,2.1929
213,308.33,2,40,0.9267,0.8081,0.0294,2.4263,2.1929
214,309.17,2,30,0.9183,0.8073,0.0435,2.4263,2.1929
215,245.00,1,20,0.4000,0.8065,0.0370,2.4263,2.1929
216,180.00,1,10,-0.2500,0.8057,0.0357,2.4263,2.1929
217,114.17,1,20,-0.9083,0.8048,0.0400,2.4263,2.1929
218,180.00,1,10,-0.2500,0.8040,0.0345,2.4263,2.1929
219,114.17,1,10,-0.9083,0.8032,0.0476,2.4263,2.1929
220,114.17,1,10,-0.8483,0.8024,0.0455,2.4263,2.1929
221,114.17,1,0,-0.8483,0.8016,0.0333,2.4263,2.1929
222,48.33,0,0,-1.0000,0.8008,0.1250,2.4263,2.1929
223,48.33,0,0,-1.0000,0.8000,0.1111,2.4263,2.1929
224,49.17,0,10,-1.0000,0.7992,0.0667,2.4263,2.1929
225,114.17,1,20,-0.9083,0.7984,0.0385,2.4263,2.1929
226,180.00,1,30,-0.2500,0.7976,0.0370,2.4263,2.1929
227,245.83,1,40,0.4083,0.7968,0.0357,2.4263,2.1929
228,312.50,2,40,0.8250,0.7960,0.0286,2.4263,2.1929
229,312.50,2,40,0.8850,0.7952,0.0278,2.4263,2.1929
230,312.50,2,30,0.8850,0.7944,0.0417,2.4263,2.1929
231,245.83,1,40,0.4083,0.7937,0.0345,2.4263,2.1929
232,311.67,2,40,0.8333,0.7929,0.0270,2.4263,2.1929
233,311.67,2,50,0.8933,0.7921,0.0357,2.4263,2.1929
234,378.33,3,40,0.1667,0.7913,0.0556,2.4263,2.1929
235,312.50,2,50,0.8250,0.7905,0.0345,2.4263,2.1929
236,377.50,3,50,0.1750,0.7897,0.1000,2.4263,2.1929
237,378.33,3,40,0.2267,0.7889,0.0526,2.4263,2.1929
238,312.50,2,30,0.8250,0.7881,0.0400,2.4263,2.1929
239,246.67,1,40,0.4167,0.7873,0.0333,2.4263,2.1929
240,311.67,2,30,0.8333,0.7865,0.0385,2.4263,2.1929
241,248.33,1,40,0.4333,0.7857,0.0323,2.4263,2.1929
242,312.50,2,40,0.8250,0.7850,0.0263,2.4263,2.1929
243,312.50,2,40,0.8850,0.7842,0.0256,2.4263,2.1929
244,312.50,2,40,0.8850,0.7834,0.0250,2.4263,2.1929
245,311.67,2,30,0.8933,0.7826,0.0370,2.4263,2.1929
246,245.83,1,40,0.4083,0.7818,0.0312,2.4263,2.1929
247,311.67,2,40,0.8333,0.7810,0.0244,2.4263,2.1929
248,311.67,2,40,0.8933,0.7803,0.0238,2.4263,2.1929
249,313.33,2,50,0.8767,0.7795,0.0333,2.4263,2.1929
250,377.50,3,40,0.1750,0.7787,0.0500,2.4263,2.1929
251,311.67,2,30,0.8333,0.7779,0.0357,2.4263,2.1929
252,245.83,1,40,0.4083,0.7771,0.0303,2.4263,2.1929
253,312.50,2,50,0.8250,0.7764,0.0323,2.4263,2.1929
254,379.17,3,40,0.1583,0.7756,0.0476,2.4263,2.1929
255,311.67,2,30,0.8333,0.7748,0.0345,2.4263,2.1929
256,245.00,1,30,0.4000,0.7740,0.0435,2.4263,2.1929
257,245.00,1,40,0.4600,0.7733,0.0294,2.4263,2.1929
258,311.67,2,40,0.8333,0.7725,0.0233,2.4263,2.1929
259,311.67,2,50,0.8933,0.7717,0.0312,2.4263,2.1929
260,376.67,3,40,0.1833,0.7710,0.0455,2.4263,2.1929
261,311.67,2,40,0.8333,0.7702,0.0227,2.4263,2.1929
262,311.67,2,30,0.8933,0.7694,0.0333,2.4263,2.1929
263,245.83,1,30,0.4083,0.7686,0.0417,2.4263,2.1929
264,245.83,1,40,0.4683,0.7679,0.0286,2.4263,2.1929
265,311.67,2,40,0.8333,0.7671,0.0222,2.4263,2.1929
266,310.83,2,40,0.9017,0.7663,0.0217,2.4263,2.1929
267,311.67,2,50,0.8933,0.7656,0.0303,2.4263,2.1929
268,376.67,3,40,0.1833,0.7648,0.0435,2.4263,2.1929
269,311.67,2,50,0.8333,0.7640,0.0294,2.4263,2.1929
270,377.50,3,60,0.1750,0.7633,0.2000,2.4263,2.1929
271,442.50,3,50,-0.4750,0.7625,0.0417,2.4263,2.1929
272,376.67,3,40,0.1833,0.7618,0.0400,2.4263,2.1929
273,310.83,2,30,0.8417,0.7610,0.0323,2.4263,2.1929
274,245.00,1,30,0.4000,0.7602,0.0400,2.4263,2.1929
275,245.00,1,40,0.4600,0.7595,0.0278,2.4263,2.1929
276,311.67,2,50,0.8333,0.7587,0.0286,2.4263,2.1929
277,376.67,3,40,0.1833,0.7580,0.0385,2.4263,2.1929
278,311.67,2,50,0.8333,0.7572,0.0278,2.4263,2.1929
279,377.50,3,60,0.1750,0.7564,0.1667,2.4263,2.1929
280,443.33,3,60,-0.4833,0.7557,0.0909,2.4263,2.1929
281,445.00,3,70,-0.4400,0.7549,0.1429,2.4263,2.1929
282,510.83,4,80,-1.0000,0.7542,1.0000,2.4263,2.1929
283,575.00,4,70,-1.0000,0.7534,1.0000,2.4263,2.1929
284,510.83,4,70,-1.0000,0.7527,1.0000,2.4263,2.1929
285,510.83,4,70,-1.0000,0.7519,0.5000,2.4263,2.1929
286,510.00,4,80,-1.0000,0.7512,0.5000,2.4263,2.1929
287,576.67,4,70,-1.0000,0.7504,0.5000,2.4263,2.1929
288,510.00,4,80,-1.0000,0.7497,0.3333,2.4263,2.1929
289,576.67,4,70,-1.0000,0.7489,0.3333,2.4263,2.1929
290,510.83,4,60,-1.0000,0.7482,0.2500,2.4263,2.1929
291,443.33,3,70,-0.4833,0.7474,0.1250,2.4263,2.1929
292,511.67,4,70,-1.0000,0.7467,0.3333,2.4263,2.1929
293,510.83,4,80,-1.0000,0.7459,0.2500,2.4263,2.1929
294,575.83,4,80,-1.0000,0.7452,0.2500,2.4263,2.1929
295,576.67,4,80,-1.0000,0.7444,0.2000,2.4263,2.1929
296,575.83,4,70,-1.0000,0.7437,0.2000,2.4263,2.1929
297,510.00,4,60,-1.0000,0.7429,0.1667,2.4263,2.1929
298,443.33,3,50,-0.4833,0.7422,0.0370,2.4263,2.1929
299,377.50,3,40,0.1750,0.7415,0.0357,2.4263,2.1929
300,311.67,2,30,0.8333,0.7407,0.0312,2.4263,2.1929
301,245.83,1,40,0.4083,0.7400,0.0270,2.4263,2.1929
302,312.50,2,30,0.8250,0.7392,0.0303,2.4263,2.1929
303,245.83,1,40,0.4083,0.7385,0.0263,2.4263,2.1929
304,311.67,2,50,0.8333,0.7378,0.0270,2.4263,2.1929
305,378.33,3,60,0.1667,0.7370,0.1111,2.4263,2.1929
306,444.17,3,60,-0.4917,0.7363,0.0833,2.4263,2.1929
307,444.17,3,50,-0.4317,0.7355,0.0345,2.4263,2.1929
308,379.17,3,50,0.1583,0.7348,0.0769,2.4263,2.1929
309,378.33,3,40,0.2267,0.7341,0.0333,2.4263,2.1929
310,312.50,2,40,0.8250,0.7333,0.0213,2.4263,2.1929
311,313.33,2,50,0.8767,0.7326,0.0263,2.4263,2.1929
312,378.33,3,40,0.1667,0.7319,0.0323,2.4263,2.1929
313,312.50,2,30,0.8250,0.7311,0.0294,2.4263,2.1929
314,246.67,1,40,0.4167,0.7304,0.0256,2.4263,2.1929
315,313.33,2,50,0.8167,0.7297,0.0256,2.4263,2.1929
316,378.33,3,40,0.1667,0.7289,0.0312,2.4263,2.1929
317,313.33,2,30,0.8167,0.7282,0.0286,2.4263,2.1929
318,247.50,1,40,0.4250,0.7275,0.0250,2.4263,2.1929
319,312.50,2,50,0.8250,0.7268,0.0250,2.4263,2.1929
320,378.33,3,60,0.1667,0.7260,0.1000,2.4263,2.1929
321,445.00,3,50,-0.5000,0.7253,0.0303,2.4263,2.1929
322,379.17,3,40,0.1583,0.7246,0.0294,2.4263,2.1929
323,312.50,2,40,0.8250,0.7239,0.0208,2.4263,2.1929
324,312.50,2,30,0.8850,0.7231,0.0278,2.4263,2.1929
325,246.67,1,40,0.4167,0.7224,0.0244,2.4263,2.1929
326,312.50,2,40,0.8250,0.7217,0.0204,2.4263,2.1929
327,313.33,2,40,0.8767,0.7210,0.0200,2.4263,2.1929
328,313.33,2,40,0.8767,0.7202,0.0196,2.4263,2.1929
329,313.33,2,40,0.8767,0.7195,0.0192,2.4263,2.1929
330,313.33,2,50,0.8767,0.7188,0.0244,2.4263,2.1929
331,379.17,3,40,0.1583,0.7181,0.0286,2.4263,2.1929
332,312.50,2,40,0.8250,0.7174,0.0189,2.4263,2.1929
333,312.50,2,40,0.8850,0.7167,0.0185,2.4263,2.1929
334,313.33,2,30,0.8767,0.7159,0.0270,2.4263,2.1929
335,246.67,1,20,0.4167,0.7152,0.0323,2.4263,2.1929
336,180.00,1,30,-0.2500,0.7145,0.0238,2.4263,2.1929
337,245.83,1,40,0.4083,0.7138,0.0233,2.4263,2.1929
338,312.50,2,40,0.8250,0.7131,0.0182,2.4263,2.1929
339,312.50,2,40,0.8850,0.7124,0.0179,2.4263,2.1929
340,312.50,2,30,0.8850,0.7117,0.0263,2.4263,2.1929
341,246.67,1,40,0.4167,0.7109,0.0227,2.4263,2.1929
342,311.67,2,50,0.8333,0.7102,0.0238,2.4263,2.1929
343,376.67,3,50,0.1833,0.7095,0.0714,2.4263,2.1929
344,377.50,3,60,0.2350,0.7088,0.0909,2.4263,2.1929
345,444.17,3,60,-0.4917,0.7081,0.0667,2.4263,2.1929
346,444.17,3,50,-0.4317,0.7074,0.0278,2.4263,2.1929
347,378.33,3,40,0.1667,0.7067,0.0270,2.4263,2.1929
348,311.67,2,50,0.8333,0.7060,0.0233,2.4263,2.1929
349,376.67,3,40,0.1833,0.7053,0.0263,2.4263,2.1929
350,311.67,2,30,0.8333,0.7046,0.0256,2.4263,2.1929
351,245.83,1,40,0.4083,0.7039,0.0222,2.4263,2.1929
352,312.50,2,40,0.8250,0.7032,0.0175,2.4263,2.1929
353,312.50,2,50,0.8850,0.7025,0.0227,2.4263,2.1929
354,377.50,3,60,0.1750,0.7018,0.0833,2.4263,2.1929
355,443.33,3,60,-0.4833,0.7011,0.0625,2.4263,2.1929
356,445.00,3,50,-0.4400,0.7004,0.0256,2.4263,2.1929
357,378.33,3,60,0.1667,0.6997,0.0769,2.4263,2.1929
358,445.83,3,70,-0.5083,0.6990,0.0714,2.4263,2.1929
359,511.67,4,60,-1.0000,0.6983,0.1429,2.4263,2.1929
360,445.00,3,50,-0.5000,0.6976,0.0250,2.4263,2.1929
361,378.33,3,60,0.1667,0.6969,0.0667,2.4263,2.1929
362,445.83,3,70,-0.5083,0.6962,0.0625,2.4263,2.1929
363,510.83,4,70,-1.0000,0.6955,0.1667,2.4263,2.1929
364,511.67,4,60,-1.0000,0.6948,0.1250,2.4263,2.1929
365,445.83,3,70,-0.5083,0.6941,0.0588,2.4263,2.1929
366,510.83,4,70,-1.0000,0.6934,0.1429,2.4263,2.1929
367,512.50,4,60,-1.0000,0.6927,0.1111,2.4263,2.1929
368,445.00,3,50,-0.5000,0.6920,0.0244,2.4263,2.1929
369,378.33,3,40,0.1667,0.6913,0.0238,2.4263,2.1929
370,311.67,2,50,0.8333,0.6906,0.0222,2.4263,2.1929
371,378.33,3,50,0.1667,0.6899,0.0588,2.4263,2.1929
372,378.33,3,40,0.2267,0.6892,0.0233,2.4263,2.1929
373,311.67,2,40,0.8333,0.6885,0.0172,2.4263,2.1929
374,311.67,2,40,0.8933,0.6879,0.0169,2.4263,2.1929
375,310.83,2,40,0.9017,0.6872,0.0167,2.4263,2.1929
376,311.67,2,30,0.8933,0.6865,0.0250,2.4263,2.1929
377,245.83,1,30,0.4083,0.6858,0.0385,2.4263,2.1929
378,245.83,1,40,0.4683,0.6851,0.0217,2.4263,2.1929
379,311.67,2,30,0.8333,0.6844,0.0244,2.4263,2.1929
380,245.00,1,30,0.4000,0.6837,0.0370,2.4263,2.1929
381,245.83,1,30,0.4683,0.6831,0.0357,2.4263,2.1929
382,245.83,1,40,0.4683,0.6824,0.0213,2.4263,2.1929
383,310.83,2,30,0.8417,0.6817,0.0238,2.4263,2.1929
384,245.83,1,30,0.4083,0.6810,0.0345,2.4263,2.1929
385,245.83,1,30,0.4683,0.6803,0.0333,2.4263,2.1929
386,245.83,1,40,0.4683,0.6796,0.0208,2.4263,2.1929
387,310.83,2,50,0.8417,0.6790,0.0217,2.4263,2.1929
388,378.33,3,40,0.1667,0.6783,0.0227,2.4263,2.1929
389,311.67,2,50,0.8333,0.6776,0.0213,2.4263,2.1929
390,378.33,3,40,0.1667,0.6769,0.0222,2.4263,2.1929
391,312.50,2,40,0.8250,0.6763,0.0164,2.4263,2.1929
392,311.67,2,40,0.8933,0.6756,0.0161,2.4263,2.1929
393,310.83,2,50,0.9017,0.6749,0.0208,2.4263,2.1929
394,377.50,3,40,0.1750,0.6742,0.0217,2.4263,2.1929
395,311.67,2,40,0.8333,0.6736,0.0159,2.4263,2.1929
396,311.67,2,50,0.8933,0.6729,0.0204,2.4263,2.1929
397,377.50,3,40,0.1750,0.6722,0.0213,2.4263,2.1929
398,312.50,2,40,0.8250,0.6715,0.0156,2.4263,2.1929
399,311.67,2,30,0.8933,0.6709,0.0233,2.4263,2.1929
400,245.83,1,20,0.4083,0.6702,0.0312,2.4263,2.1929
401,179.17,1,30,-0.2583,0.6695,0.0204,2.4263,2.1929
402,245.00,1,40,0.4000,0.6688,0.0200,2.4263,2.1929
403,311.67,2,40,0.8333,0.6682,0.0154,2.4263,2.1929
404,311.67,2,50,0.8933,0.6675,0.0200,2.4263,2.1929
405,378.33,3,40,0.1667,0.6668,0.0208,2.4263,2.1929
406,312.50,2,50,0.8250,0.6662,0.0196,2.4263,2.1929
407,376.67,3,40,0.1833,0.6655,0.0204,2.4263,2.1929
408,311.67,2,40,0.8333,0.6648,0.0152,2.4263,2.1929
409,310.83,2,30,0.9017,0.6642,0.0227,2.4263,2.1929
410,245.00,1,40,0.4000,0.6635,0.0196,2.4263,2.1929
411,311.67,2,30,0.8333,0.6629,0.0222,2.4263,2.1929
412,245.00,1,30,0.4000,0.6622,0.0323,2.4263,2.1929
413,245.00,1,30,0.4600,0.6615,0.0312,2.4263,2.1929
414,245.00,1,30,0.4600,0.6609,0.0303,2.4263,2.1929
415,244.17,1,40,0.4517,0.6602,0.0192,2.4263,2.1929
416,310.83,2,30,0.8417,0.6595,0.0217,2.4263,2.1929
417,245.83,1,20,0.4083,0.6589,0.0303,2.4263,2.1929
418,180.00,1,20,-0.2500,0.6582,0.0294,2.4263,2.1929
419,180.00,1,30,-0.1900,0.6576,0.0189,2.4263,2.1929
420,245.83,1,40,0.4083,0.6569,0.0185,2.4263,2.1929
421,311.67,2,40,0.8333,0.6563,0.0149,2.4263,2.1929
422,311.67,2,40,0.8933,0.6556,0.0147,2.4263,2.1929
423,311.67,2,40,0.8933,0.6549,0.0145,2.4263,2.1929
424,310.00,2,40,0.9100,0.6543,0.0143,2.4263,2.1929
425,311.67,2,30,0.8933,0.6536,0.0213,2.4263,2.1929
426,245.83,1,40,0.4083,0.6530,0.0182,2.4263,2.1929
427,310.83,2,40,0.8417,0.6523,0.0141,2.4263,2.1929
428,312.50,2,40,0.8850,0.6517,0.0139,2.4263,2.1929
429,311.67,2,40,0.8933,0.6510,0.0137,2.4263,2.1929
430,311.67,2,40,0.8933,0.6504,0.0135,2.4263,2.1929
431,311.67,2,40,0.8933,0.6497,0.0133,2.4263,2.1929
432,313.33,2,40,0.8767,0.6491,0.0132,2.4263,2.1929
433,311.67,2,40,0.8933,0.6484,0.0130,2.4263,2.1929
434,311.67,2,40,0.8933,0.6478,0.0128,2.4263,2.1929
435,310.83,2,40,0.9017,0.6471,0.0127,2.4263,2.1929
436,310.83,2,30,0.9017,0.6465,0.0208,2.4263,2.1929
437,245.83,1,40,0.4083,0.6458,0.0179,2.4263,2.1929
438,311.67,2,30,0.8333,0.6452,0.0204,2.4263,2.1929
439,245.00,1,40,0.4000,0.6445,0.0175,2.4263,2.1929
440,311.67,2,30,0.8333,0.6439,0.0200,2.4263,2.1929
441,245.83,1,30,0.4083,0.6433,0.0286,2.4263,2.1929
442,246.67,1,40,0.4767,0.6426,0.0172,2.4263,2.1929
443,312.50,2,40,0.8250,0.6420,0.0125,2.4263,2.1929
444,311.67,2,40,0.8933,0.6413,0.0123,2.4263,2.1929
445,310.83,2,40,0.9017,0.6407,0.0122,2.4263,2.1929
446,311.67,2,40,0.8933,0.6400,0.0120,2.4263,2.1929
447,312.50,2,50,0.8850,0.6394,0.0192,2.4263,2.1929
448,378.33,3,40,0.1667,0.6388,0.0200,2.4263,2.1929
449,312.50,2,30,0.8250,0.6381,0.0196,2.4263,2.1929
450,246.67,1,20,0.4167,0.6375,0.0294,2.4263,2.1929
451,180.00,1,30,-0.2500,0.6369,0.0169,2.4263,2.1929
452,246.67,1,40,0.4167,0.6362,0.0167,2.4263,2.1929
453,310.00,2,30,0.8500,0.6356,0.0192,2.4263,2.1929
454,245.83,1,40,0.4083,0.6349,0.0164,2.4263,2.1929
455,310.83,2,30,0.8417,0.6343,0.0189,2.4263,2.1929
456,245.00,1,40,0.4000,0.6337,0.0161,2.4263,2.1929
457,311.67,2,40,0.8333,0.6330,0.0119,2.4263,2.1929
458,311.67,2,50,0.8933,0.6324,0.0189,2.4263,2.1929
459,376.67,3,50,0.1833,0.6318,0.0556,2.4263,2.1929
460,376.67,3,60,0.2433,0.6311,0.0556,2.4263,2.1929
461,442.50,3,50,-0.4750,0.6305,0.0196,2.4263,2.1929
462,376.67,3,40,0.1833,0.6299,0.0192,2.4263,2.1929
463,311.67,2,50,0.8333,0.6293,0.0185,2.4263,2.1929
464,377.50,3,50,0.1750,0.6286,0.0526,2.4263,2.1929
465,376.67,3,40,0.2433,0.6280,0.0189,2.4263,2.1929
466,311.67,2,40,0.8333,0.6274,0.0118,2.4263,2.1929
467,310.83,2,50,0.9017,0.6267,0.0182,2.4263,2.1929
468,377.50,3,40,0.1750,0.6261,0.0185,2.4263,2.1929
469,311.67,2,30,0.8333,0.6255,0.0185,2.4263,2.1929
470,245.00,1,40,0.4000,0.6249,0.0159,2.4263,2.1929
471,311.67,2,40,0.8333,0.6242,0.0116,2.4263,2.1929
472,311.67,2,40,0.8933,0.6236,0.0115,2.4263,2.1929
473,310.83,2,50,0.9017,0.6230,0.0179,2.4263,2.1929
474,376.67,3,40,0.1833,0.6224,0.0182,2.4263,2.1929
475,312.50,2,40,0.8250,0.6217,0.0114,2.4263,2.1929
476,312.50,2,40,0.8850,0.6211,0.0112,2.4263,2.1929
477,312.50,2,40,0.8850,0.6205,0.0111,2.4263,2.1929
478,312.50,2,50,0.8850,0.6199,0.0175,2.4263,2.1929
479,377.50,3,60,0.1750,0.6193,0.0526,2.4263,2.1929
480,442.50,3,50,-0.4750,0.6186,0.0179,2.4263,2.1929
481,376.67,3,40,0.1833,0.6180,0.0175,2.4263,2.1929
482,310.83,2,40,0.8417,0.6174,0.0110,2.4263,2.1929
483,312.50,2,40,0.8850,0.6168,0.0109,2.4263,2.1929
484,311.67,2,30,0.8933,0.6162,0.0182,2.4263,2.1929
485,245.83,1,30,0.4083,0.6156,0.0278,2.4263,2.1929
486,245.83,1,30,0.4683,0.6149,0.0270,2.4263,2.1929
487,245.83,1,40,0.4683,0.6143,0.0156,2.4263,2.1929
488,309.17,2,40,0.8583,0.6137,0.0108,2.4263,2.1929
489,310.00,2,40,0.9100,0.6131,0.0106,2.4263,2.1929
490,310.00,2,50,0.9100,0.6125,0.0172,2.4263,2.1929
491,375.00,3,40,0.2000,0.6119,0.0172,2.4263,2.1929
492,310.83,2,40,0.8417,0.6113,0.0105,2.4263,2.1929
493,310.83,2,50,0.9017,0.6106,0.0169,2.4263,2.1929
494,377.50,3,40,0.1750,0.6100,0.0169,2.4263,2.1929
495,310.83,2,30,0.8417,0.6094,0.0179,2.4263,2.1929
496,245.00,1,30,0.4000,0.6088,0.0263,2.4263,2.1929
497,244.17,1,20,0.4517,0.6082,0.0286,2.4263,2.1929
498,179.17,1,30,-0.2583,0.6076,0.0154,2.4263,2.1929
499,245.00,1,30,0.4000,0.6070,0.0256,2.4263,2.1929
500,245.00,1,30,0.4600,0.6064,0.0250,2.4263,2.1929
501,245.00,1,40,0.4600,0.6058,0.0152,2.4263,2.1929
502,310.00,2,50,0.8500,0.6052,0.0167,2.4263,2.1929
503,375.83,3,40,0.1917,0.6046,0.0167,2.4263,2.1929
504,310.00,2,30,0.8500,0.6040,0.0175,2.4263,2.1929
505,245.83,1,20,0.4083,0.6034,0.0278,2.4263,2.1929
506,180.00,1,30,-0.2500,0.6028,0.0149,2.4263,2.1929
507,244.17,1,20,0.3917,0.6022,0.0270,2.4263,2.1929
508,178.33,1,30,-0.2667,0.6015,0.0147,2.4263,2.1929
509,244.17,1,40,0.3917,0.6009,0.0145,2.4263,2.1929
510,310.00,2,40,0.8500,0.6003,0.0104,2.4263,2.1929
511,310.00,2,40,0.9100,0.5997,0.0103,2.4263,2.1929
512,310.00,2,30,0.9100,0.5991,0.0172,2.4263,2.1929
513,243.33,1,40,0.3833,0.5985,0.0143,2.4263,2.1929
514,310.00,2,30,0.8500,0.5979,0.0169,2.4263,2.1929
515,244.17,1,40,0.3917,0.5974,0.0141,2.4263,2.1929
516,310.00,2,40,0.8500,0.5968,0.0102,2.4263,2.1929
517,310.00,2,40,0.9100,0.5962,0.0101,2.4263,2.1929
518,310.00,2,50,0.9100,0.5956,0.0164,2.4263,2.1929
519,375.00,3,50,0.2000,0.5950,0.0500,2.4263,2.1929
520,376.67,3,60,0.2433,0.5944,0.0500,2.4263,2.1929
521,442.50,3,60,-0.4750,0.5938,0.0476,2.4263,2.1929
522,442.50,3,50,-0.4150,0.5932,0.0164,2.4263,2.1929
523,376.67,3,40,0.1833,0.5926,0.0161,2.4263,2.1929
524,310.00,2,40,0.8500,0.5920,0.0100,2.4263,2.1929
525,310.00,2,40,0.9100,0.5914,0.0099,2.4263,2.1929
526,310.00,2,40,0.9100,0.5908,0.0098,2.4263,2.1929
527,310.00,2,50,0.9100,0.5902,0.0161,2.4263,2.1929
528,375.83,3,40,0.1917,0.5896,0.0159,2.4263,2.1929
529,310.83,2,40,0.8417,0.5890,0.0097,2.4263,2.1929
530,310.83,2,40,0.9017,0.5885,0.0096,2.4263,2.1929
531,310.00,2,40,0.9100,0.5879,0.0095,2.4263,2.1929
532,310.00,2,30,0.9100,0.5873,0.0167,2.4263,2.1929
533,244.17,1,40,0.3917,0.5867,0.0139,2.4263,2.1929
534,310.83,2,40,0.8417,0.5861,0.0094,2.4263,2.1929
535,310.00,2,40,0.9100,0.5855,0.0093,2.4263,2.1929
536,310.83,2,40,0.9017,0.5849,0.0093,2.4263,2.1929
537,310.83,2,40,0.9017,0.5843,0.0092,2.4263,2.1929
538,310.83,2,40,0.9017,0.5838,0.0091,2.4263,2.1929
539,310.00,2,30,0.9100,0.5832,0.0164,2.4263,2.1929
540,245.00,1,30,0.4000,0.5826,0.0244,2.4263,2.1929
541,245.00,1,30,0.4600,0.5820,0.0238,2.4263,2.1929
542,245.00,1,30,0.4600,0.5814,0.0233,2.4263,2.1929
543,245.00,1,20,0.4600,0.5808,0.0263,2.4263,2.1929
544,178.33,1,30,-0.2667,0.5803,0.0137,2.4263,2.1929
545,244.17,1,40,0.3917,0.5797,0.0135,2.4263,2.1929
546,310.83,2,40,0.8417,0.5791,0.0090,2.4263,2.1929
547,310.83,2,40,0.9017,0.5785,0.0089,2.4263,2.1929
548,310.83,2,40,0.9017,0.5780,0.0088,2.4263,2.1929
549,310.83,2,50,0.9017,0.5774,0.0159,2.4263,2.1929
550,376.67,3,40,0.1833,0.5768,0.0156,2.4263,2.1929
551,309.17,2,30,0.8583,0.5762,0.0161,2.4263,2.1929
552,243.33,1,40,0.3833,0.5756,0.0133,2.4263,2.1929
553,310.83,2,40,0.8417,0.5751,0.0088,2.4263,2.1929
554,310.83,2,40,0.9017,0.5745,0.0087,2.4263,2.1929
555,310.83,2,40,0.9017,0.5739,0.0086,2.4263,2.1929
556,310.00,2,40,0.9100,0.5733,0.0085,2.4263,2.1929
557,310.00,2,40,0.9100,0.5728,0.0085,2.4263,2.1929
558,310.83,2,30,0.9017,0.5722,0.0159,2.4263,2.1929
559,244.17,1,40,0.3917,0.5716,0.0132,2.4263,2.1929
560,310.83,2,30,0.8417,0.5711,0.0156,2.4263,2.1929
561,244.17,1,40,0.3917,0.5705,0.0130,2.4263,2.1929
562,310.83,2,40,0.8417,0.5699,0.0084,2.4263,2.1929
563,310.83,2,40,0.9017,0.5693,0.0083,2.4263,2.1929
564,310.83,2,50,0.9017,0.5688,0.0156,2.4263,2.1929
565,376.67,3,50,0.1833,0.5682,0.0455,2.4263,2.1929
566,376.67,3,40,0.2433,0.5676,0.0154,2.4263,2.1929
567,310.00,2,40,0.8500,0.5671,0.0083,2.4263,2.1929
568,310.00,2,30,0.9100,0.5665,0.0154,2.4263,2.1929
569,244.17,1,40,0.3917,0.5659,0.0128,2.4263,2.1929
570,310.00,2,40,0.8500,0.5654,0.0082,2.4263,2.1929
571,310.83,2,40,0.9017,0.5648,0.0081,2.4263,2.1929
572,310.83,2,40,0.9017,0.5642,0.0081,2.4263,2.1929
573,310.00,2,40,0.9100,0.5637,0.0080,2.4263,2.1929
574,310.00,2,40,0.9100,0.5631,0.0079,2.4263,2.1929
575,310.00,2,30,0.9100,0.5625,0.0152,2.4263,2.1929
576,244.17,1,40,0.3917,0.5620,0.0127,2.4263,2.1929
577,309.17,2,40,0.8583,0.5614,0.0079,2.4263,2.1929
578,310.00,2,40,0.9100,0.5609,0.0078,2.4263,2.1929
579,310.83,2,50,0.9017,0.5603,0.0154,2.4263,2.1929
580,377.50,3,60,0.1750,0.5597,0.0476,2.4263,2.1929
581,442.50,3,60,-0.4750,0.5592,0.0435,2.4263,2.1929
582,442.50,3,50,-0.4150,0.5586,0.0152,2.4263,2.1929
583,376.67,3,40,0.1833,0.5581,0.0149,2.4263,2.1929
584,310.83,2,40,0.8417,0.5575,0.0078,2.4263,2.1929
585,310.83,2,40,0.9017,0.5569,0.0077,2.4263,2.1929
586,311.67,2,50,0.8933,0.5564,0.0152,2.4263,2.1929
587,377.50,3,40,0.1750,0.5558,0.0147,2.4263,2.1929
588,310.83,2,40,0.8417,0.5553,0.0076,2.4263,2.1929
589,310.83,2,40,0.9017,0.5547,0.0076,2.4263,2.1929
590,311.67,2,50,0.8933,0.5542,0.0149,2.4263,2.1929
591,376.67,3,40,0.1833,0.5536,0.0145,2.4263,2.1929
592,310.83,2,40,0.8417,0.5531,0.0075,2.4263,2.1929
593,310.83,2,40,0.9017,0.5525,0.0075,2.4263,2.1929
594,310.83,2,40,0.9017,0.5520,0.0074,2.4263,2.1929
595,310.83,2,40,0.9017,0.5514,0.0074,2.4263,2.1929
596,310.83,2,40,0.9017,0.5509,0.0073,2.4263,2.1929
597,310.83,2,40,0.9017,0.5503,0.0072,2.4263,2.1929
598,310.83,2,40,0.9017,0.5498,0.0072,2.4263,2.1929
599,311.67,2,30,0.8933,0.5492,0.0149,2.4263,2.1929
600,245.00,1,40,0.4000,0.5487,0.0125,2.4263,2.1929
601,311.67,2,40,0.8333,0.5481,0.0071,2.4263,2.1929
602,310.83,2,50,0.9017,0.5476,0.0147,2.4263,2.1929
603,376.67,3,40,0.1833,0.5470,0.0143,2.4263,2.1929
604,310.83,2,40,0.8417,0.5465,0.0071,2.4263,2.1929
605,310.83,2,40,0.9017,0.5459,0.0070,2.4263,2.1929
606,310.83,2,40,0.9017,0.5454,0.0070,2.4263,2.1929
607,310.83,2,40,0.9017,0.5448,0.0069,2.4263,2.1929
608,310.83,2,30,0.9017,0.5443,0.0147,2.4263,2.1929
609,245.00,1,20,0.4000,0.5437,0.0256,2.4263,2.1929
610,179.17,1,30,-0.2583,0.5432,0.0123,2.4263,2.1929
611,245.00,1,40,0.4000,0.5426,0.0122,2.4263,2.1929
612,310.83,2,40,0.8417,0.5421,0.0069,2.4263,2.1929
613,310.83,2,40,0.9017,0.5416,0.0068,2.4263,2.1929
614,311.67,2,50,0.8933,0.5410,0.0145,2.4263,2.1929
615,375.83,3,40,0.1917,0.5405,0.0141,2.4263,2.1929
616,309.17,2,40,0.8583,0.5399,0.0068,2.4263,2.1929
617,310.00,2,30,0.9100,0.5394,0.0145,2.4263,2.1929
618,243.33,1,40,0.3833,0.5389,0.0120,2.4263,2.1929
619,310.00,2,40,0.8500,0.5383,0.0068,2.4263,2.1929
620,310.83,2,40,0.9017,0.5378,0.0067,2.4263,2.1929
621,310.83,2,40,0.9017,0.5372,0.0067,2.4263,2.1929
622,310.83,2,40,0.9017,0.5367,0.0066,2.4263,2.1929
623,310.00,2,40,0.9100,0.5362,0.0066,2.4263,2.1929
624,311.67,2,40,0.8933,0.5356,0.0065,2.4263,2.1929
625,311.67,2,40,0.8933,0.5351,0.0065,2.4263,2.1929
626,311.67,2,30,0.8933,0.5346,0.0143,2.4263,2.1929
627,245.83,1,40,0.4083,0.5340,0.0119,2.4263,2.1929
628,311.67,2,30,0.8333,0.5335,0.0141,2.4263,2.1929
629,245.00,1,40,0.4000,0.5330,0.0118,2.4263,2.1929
630,311.67,2,30,0.8333,0.5324,0.0139,2.4263,2.1929
631,245.00,1,30,0.4000,0.5319,0.0227,2.4263,2.1929
632,245.00,1,20,0.4600,0.5314,0.0250,2.4263,2.1929
633,179.17,1,10,-0.2583,0.5308,0.0244,2.4263,2.1929
634,112.50,1,20,-0.9250,0.5303,0.0116,2.4263,2.1929
635,178.33,1,20,-0.2667,0.5298,0.0222,2.4263,2.1929
636,178.33,1,20,-0.2067,0.5292,0.0217,2.4263,2.1929
637,178.33,1,30,-0.2067,0.5287,0.0115,2.4263,2.1929
638,244.17,1,40,0.3917,0.5282,0.0114,2.4263,2.1929
639,310.83,2,40,0.8417,0.5277,0.0065,2.4263,2.1929
640,310.83,2,50,0.9017,0.5271,0.0143,2.4263,2.1929
641,375.83,3,40,0.1917,0.5266,0.0139,2.4263,2.1929
642,310.83,2,50,0.8417,0.5261,0.0141,2.4263,2.1929
643,376.67,3,40,0.1833,0.5255,0.0137,2.4263,2.1929
644,312.50,2,30,0.8250,0.5250,0.0137,2.4263,2.1929
645,245.00,1,40,0.4000,0.5245,0.0112,2.4263,2.1929
646,310.83,2,40,0.8417,0.5240,0.0064,2.4263,2.1929
647,310.83,2,30,0.9017,0.5234,0.0135,2.4263,2.1929
648,245.00,1,40,0.4000,0.5229,0.0111,2.4263,2.1929
649,310.83,2,30,0.8417,0.5224,0.0133,2.4263,2.1929
650,245.00,1,20,0.4000,0.5219,0.0238,2.4263,2.1929
651,179.17,1,30,-0.2583,0.5214,0.0110,2.4263,2.1929
652,245.00,1,40,0.4000,0.5208,0.0109,2.4263,2.1929
653,311.67,2,40,0.8333,0.5203,0.0064,2.4263,2.1929
654,310.83,2,50,0.9017,0.5198,0.0139,2.4263,2.1929
655,375.83,3,50,0.1917,0.5193,0.0417,2.4263,2.1929
656,376.67,3,40,0.2433,0.5188,0.0135,2.4263,2.1929
657,310.83,2,40,0.8417,0.5182,0.0063,2.4263,2.1929
658,311.67,2,30,0.8933,0.5177,0.0132,2.4263,2.1929
659,245.00,1,30,0.4000,0.5172,0.0213,2.4263,2.1929
660,245.00,1,40,0.4600,0.5167,0.0108,2.4263,2.1929
661,310.83,2,30,0.8417,0.5162,0.0130,2.4263,2.1929
662,245.83,1,20,0.4083,0.5157,0.0233,2.4263,2.1929
663,180.00,1,30,-0.2500,0.5151,0.0106,2.4263,2.1929
664,245.00,1,40,0.4000,0.5146,0.0105,2.4263,2.1929
665,310.83,2,40,0.8417,0.5141,0.0063,2.4263,2.1929
666,310.00,2,40,0.9100,0.5136,0.0063,2.4263,2.1929
667,310.00,2,40,0.9100,0.5131,0.0062,2.4263,2.1929
668,310.83,2,30,0.9017,0.5126,0.0128,2.4263,2.1929
669,245.00,1,40,0.4000,0.5121,0.0104,2.4263,2.1929
670,310.00,2,40,0.8500,0.5115,0.0062,2.4263,2.1929
671,311.67,2,50,0.8933,0.5110,0.0137,2.4263,2.1929
672,376.67,3,40,0.1833,0.5105,0.0133,2.4263,2.1929
673,310.83,2,40,0.8417,0.5100,0.0061,2.4263,2.1929
674,310.83,2,40,0.9017,0.5095,0.0061,2.4263,2.1929
675,311.67,2,40,0.8933,0.5090,0.0061,2.4263,2.1929
676,312.50,2,40,0.8850,0.5085,0.0060,2.4263,2.1929
677,310.83,2,40,0.9017,0.5080,0.0060,2.4263,2.1929
678,310.83,2,50,0.9017,0.5075,0.0135,2.4263,2.1929
679,377.50,3,50,0.1750,0.5070,0.0400,2.4263,2.1929
680,377.50,3,40,0.2350,0.5064,0.0132,2.4263,2.1929
681,311.67,2,40,0.8333,0.5059,0.0060,2.4263,2.1929
682,311.67,2,50,0.8933,0.5054,0.0133,2.4263,2.1929
683,376.67,3,40,0.1833,0.5049,0.0130,2.4263,2.1929
684,311.67,2,30,0.8333,0.5044,0.0127,2.4263,2.1929
685,245.83,1,20,0.4083,0.5039,0.0227,2.4263,2.1929
686,179.17,1,10,-0.2583,0.5034,0.0222,2.4263,2.1929
687,113.33,1,0,-0.9167,0.5029,0.0217,2.4263,2.1929
688,47.50,0,10,-1.0000,0.5024,0.0625,2.4263,2.1929
689,113.33,1,20,-0.9167,0.5019,0.0103,2.4263,2.1929
690,180.00,1,20,-0.2500,0.5014,0.0208,2.4263,2.1929
691,180.00,1,30,-0.1900,0.5009,0.0102,2.4263,2.1929
692,245.83,1,40,0.4083,0.5004,0.0101,2.4263,2.1929
693,310.83,2,40,0.8417,0.4999,0.0059,2.4263,2.1929
694,310.83,2,40,0.9017,0.4994,0.0059,2.4263,2.1929
695,310.83,2,40,0.9017,0.4989,0.0058,2.4263,2.1929
696,310.83,2,30,0.9017,0.4984,0.0125,2.4263,2.1929
697,245.00,1,30,0.4000,0.4979,0.0204,2.4263,2.1929
698,244.17,1,40,0.4517,0.4974,0.0100,2.4263,2.1929
699,310.83,2,40,0.8417,0.4969,0.0058,2.4263,2.1929
700,310.83,2,50,0.9017,0.4964,0.0132,2.4263,2.1929
701,375.83,3,60,0.1917,0.4959,0.0455,2.4263,2.1929
702,442.50,3,60,-0.4750,0.4954,0.0385,2.4263,2.1929
703,443.33,3,50,-0.4233,0.4949,0.0128,2.4263,2.1929
704,376.67,3,40,0.1833,0.4944,0.0127,2.4263,2.1929
705,310.83,2,40,0.8417,0.4939,0.0058,2.4263,2.1929
706,310.83,2,40,0.9017,0.4934,0.0057,2.4263,2.1929
707,310.83,2,30,0.9017,0.4930,0.0123,2.4263,2.1929
708,245.00,1,40,0.4000,0.4925,0.0099,2.4263,2.1929
709,310.00,2,30,0.8500,0.4920,0.0122,2.4263,2.1929
710,245.00,1,30,0.4000,0.4915,0.0200,2.4263,2.1929
711,245.00,1,30,0.4600,0.4910,0.0196,2.4263,2.1929
712,245.00,1,30,0.4600,0.4905,0.0192,2.4263,2.1929
713,244.17,1,20,0.4517,0.4900,0.0213,2.4263,2.1929
714,179.17,1,10,-0.2583,0.4895,0.0208,2.4263,2.1929
715,113.33,1,20,-0.9167,0.4890,0.0098,2.4263,2.1929
716,179.17,1,30,-0.2583,0.4885,0.0097,2.4263,2.1929
717,245.00,1,40,0.4000,0.4880,0.0096,2.4263,2.1929
718,310.00,2,50,0.8500,0.4876,0.0130,2.4263,2.1929
719,375.83,3,40,0.1917,0.4871,0.0125,2.4263,2.1929
720,310.00,2,40,0.8500,0.4866,0.0057,2.4263,2.1929
721,310.00,2,40,0.9100,0.4861,0.0057,2.4263,2.1929
722,310.00,2,40,0.9100,0.4856,0.0056,2.4263,2.1929
723,310.00,2,40,0.9100,0.4851,0.0056,2.4263,2.1929
724,310.83,2,50,0.9017,0.4846,0.0128,2.4263,2.1929
725,375.83,3,40,0.1917,0.4842,0.0123,2.4263,2.1929
726,311.67,2,40,0.8333,0.4837,0.0056,2.4263,2.1929
727,311.67,2,40,0.8933,0.4832,0.0056,2.4263,2.1929
728,311.67,2,40,0.8933,0.4827,0.0055,2.4263,2.1929
729,310.83,2,40,0.9017,0.4822,0.0055,2.4263,2.1929
730,311.67,2,40,0.8933,0.4817,0.0055,2.4263,2.1929
731,311.67,2,30,0.8933,0.4813,0.0120,2.4263,2.1929
732,244.17,1,30,0.3917,0.4808,0.0189,2.4263,2.1929
733,244.17,1,30,0.4517,0.4803,0.0185,2.4263,2.1929
734,244.17,1,40,0.4517,0.4798,0.0095,2.4263,2.1929
735,310.00,2,30,0.8500,0.4793,0.0119,2.4263,2.1929
736,245.00,1,40,0.4000,0.4789,0.0094,2.4263,2.1929
737,310.83,2,30,0.8417,0.4784,0.0118,2.4263,2.1929
738,245.00,1,40,0.4000,0.4779,0.0093,2.4263,2.1929
739,310.83,2,50,0.8417,0.4774,0.0127,2.4263,2.1929
740,375.83,3,40,0.1917,0.4769,0.0122,2.4263,2.1929
741,310.83,2,30,0.8417,0.4765,0.0116,2.4263,2.1929
742,245.00,1,40,0.4000,0.4760,0.0093,2.4263,2.1929
743,311.67,2,50,0.8333,0.4755,0.0125,2.4263,2.1929
744,377.50,3,40,0.1750,0.4750,0.0120,2.4263,2.1929
745,310.83,2,40,0.8417,0.4746,0.0054,2.4263,2.1929
746,311.67,2,40,0.8933,0.4741,0.0054,2.4263,2.1929
747,311.67,2,40,0.8933,0.4736,0.0054,2.4263,2.1929
748,311.67,2,40,0.8933,0.4731,0.0053,2.4263,2.1929
749,310.83,2,40,0.9017,0.4727,0.0053,2.4263,2.1929
750,310.00,2,30,0.9100,0.4722,0.0115,2.4263,2.1929
751,244.17,1,40,0.3917,0.4717,0.0092,2.4263,2.1929
752,310.00,2,40,0.8500,0.4713,0.0053,2.4263,2.1929
753,310.00,2,30,0.9100,0.4708,0.0114,2.4263,2.1929
754,244.17,1,40,0.3917,0.4703,0.0091,2.4263,2.1929
755,310.83,2,40,0.8417,0.4698,0.0053,2.4263,2.1929
756,310.00,2,40,0.9100,0.4694,0.0052,2.4263,2.1929
757,310.00,2,40,0.9100,0.4689,0.0052,2.4263,2.1929
758,310.83,2,40,0.9017,0.4684,0.0052,2.4263,2.1929
759,310.83,2,40,0.9017,0.4680,0.0052,2.4263,2.1929
760,310.83,2,40,0.9017,0.4675,0.0051,2.4263,2.1929
761,310.00,2,40,0.9100,0.4670,0.0051,2.4263,2.1929
762,310.83,2,40,0.9017,0.4666,0.0051,2.4263,2.1929
763,310.83,2,50,0.9017,0.4661,0.0123,2.4263,2.1929
764,377.50,3,40,0.1750,0.4656,0.0119,2.4263,2.1929
765,311.67,2,40,0.8333,0.4652,0.0051,2.4263,2.1929
766,310.00,2,40,0.9100,0.4647,0.0050,2.4263,2.1929
767,311.67,2,40,0.8933,0.4642,0.0050,2.4263,2.1929
768,311.67,2,40,0.8933,0.4638,0.0050,2.4263,2.1929
769,311.67,2,40,0.8933,0.4633,0.0050,2.4263,2.1929
770,310.00,2,50,0.9100,0.4628,0.0122,2.4263,2.1929
771,375.83,3,40,0.1917,0.4624,0.0118,2.4263,2.1929
772,310.83,2,40,0.8417,0.4619,0.0049,2.4263,2.1929
773,310.00,2,50,0.9100,0.4615,0.0120,2.4263,2.1929
774,377.50,3,40,0.1750,0.4610,0.0116,2.4263,2.1929
775,311.67,2,40,0.8333,0.4605,0.0049,2.4263,2.1929
776,310.83,2,40,0.9017,0.4601,0.0049,2.4263,2.1929
777,310.83,2,30,0.9017,0.4596,0.0112,2.4263,2.1929
778,244.17,1,40,0.3917,0.4591,0.0090,2.4263,2.1929
779,310.00,2,40,0.8500,0.4587,0.0049,2.4263,2.1929
780,310.83,2,30,0.9017,0.4582,0.0111,2.4263,2.1929
781,244.17,1,40,0.3917,0.4578,0.0089,2.4263,2.1929
782,310.00,2,40,0.8500,0.4573,0.0048,2.4263,2.1929
783,308.33,2,40,0.9267,0.4569,0.0048,2.4263,2.1929
784,308.33,2,40,0.9267,0.4564,0.0048,2.4263,2.1929
785,310.00,2,40,0.9100,0.4559,0.0048,2.4263,2.1929
786,310.83,2,40,0.9017,0.4555,0.0047,2.4263,2.1929
787,310.83,2,40,0.9017,0.4550,0.0047,2.4263,2.1929
788,311.67,2,50,0.8933,0.4546,0.0119,2.4263,2.1929
789,376.67,3,40,0.1833,0.4541,0.0115,2.4263,2.1929
790,310.00,2,40,0.8500,0.4537,0.0047,2.4263,2.1929
791,310.83,2,40,0.9017,0.4532,0.0047,2.4263,2.1929
792,310.83,2,40,0.9017,0.4528,0.0047,2.4263,2.1929
793,310.83,2,30,0.9017,0.4523,0.0110,2.4263,2.1929
794,245.00,1,30,0.4000,0.4519,0.0182,2.4263,2.1929
795,245.00,1,20,0.4600,0.4514,0.0204,2.4263,2.1929
796,179.17,1,30,-0.2583,0.4510,0.0088,2.4263,2.1929
797,245.00,1,40,0.4000,0.4505,0.0088,2.4263,2.1929
798,310.00,2,40,0.8500,0.4501,0.0046,2.4263,2.1929
799,310.83,2,40,0.9017,0.4496,0.0046,2.4263,2.1929
800,310.83,2,40,0.9017,0.4492,0.0046,2.4263,2.1929
801,311.67,2,50,0.8933,0.4487,0.0118,2.4263,2.1929
802,375.83,3,40,0.1917,0.4483,0.0114,2.4263,2.1929
803,297.50,2,40,0.9250,0.4478,0.0046,2.4263,2.1929
804,293.33,2,40,0.9433,0.4474,0.0045,2.4263,2.1929
805,290.83,2,50,0.9183,0.4469,0.0116,2.4263,2.1929
806,360.00,3,40,0.3500,0.4465,0.0112,2.4263,2.1929
807,293.33,2,40,0.8833,0.4460,0.0045,2.4263,2.1929
808,290.00,2,40,0.9100,0.4456,0.0045,2.4263,2.1929
809,288.33,2,40,0.8933,0.4451,0.0045,2.4263,2.1929
810,288.33,2,40,0.8933,0.4447,0.0045,2.4263,2.1929
811,288.33,2,40,0.8933,0.4442,0.0044,2.4263,2.1929
812,290.83,2,40,0.9183,0.4438,0.0044,2.4263,2.1929
813,291.67,2,50,0.9267,0.4433,0.0115,2.4263,2.1929
814,362.50,3,40,0.3250,0.4429,0.0111,2.4263,2.1929
815,299.17,2,40,0.9417,0.4425,0.0044,2.4263,2.1929
816,309.17,2,50,0.9183,0.4420,0.0114,2.4263,2.1929
817,375.00,3,60,0.2000,0.4416,0.0435,2.4263,2.1929
818,441.67,3,50,-0.4667,0.4411,0.0110,2.4263,2.1929
819,377.50,3,40,0.1750,0.4407,0.0109,2.4263,2.1929
820,303.33,2,30,0.9167,0.4403,0.0109,2.4263,2.1929
821,222.50,1,40,0.1750,0.4398,0.0087,2.4263,2.1929
822,274.17,2,40,0.6917,0.4394,0.0044,2.4263,2.1929
823,270.00,2,40,0.7100,0.4389,0.0044,2.4263,2.1929
824,269.17,2,40,0.7017,0.4385,0.0043,2.4263,2.1929
825,267.50,2,40,0.6850,0.4381,0.0043,2.4263,2.1929
826,269.17,2,50,0.7017,0.4376,0.0112,2.4263,2.1929
827,338.33,2,40,0.5667,0.4372,0.0108,2.4263,2.1929
828,272.50,2,40,0.6750,0.4367,0.0043,2.4263,2.1929
829,271.67,2,30,0.7267,0.4363,0.0106,2.4263,2.1929
830,206.67,1,30,0.0167,0.4359,0.0179,2.4263,2.1929
831,205.83,1,40,0.0683,0.4354,0.0086,2.4263,2.1929
832,270.83,2,50,0.6583,0.4350,0.0111,2.4263,2.1929
833,338.33,2,40,0.5667,0.4346,0.0105,2.4263,2.1929
834,271.67,2,40,0.6667,0.4341,0.0043,2.4263,2.1929
835,270.83,2,40,0.7183,0.4337,0.0043,2.4263,2.1929
836,271.67,2,50,0.7267,0.4333,0.0110,2.4263,2.1929
837,337.50,2,60,0.5750,0.4328,0.0109,2.4263,2.1929
838,402.50,3,60,-0.0750,0.4324,0.0370,2.4263,2.1929
839,402.50,3,50,-0.0150,0.4320,0.0108,2.4263,2.1929
840,337.50,2,50,0.5750,0.4315,0.0043,2.4263,2.1929
841,336.67,2,40,0.6433,0.4311,0.0104,2.4263,2.1929
842,271.67,2,40,0.6667,0.4307,0.0042,2.4263,2.1929
843,271.67,2,40,0.7267,0.4302,0.0042,2.4263,2.1929
844,270.83,2,40,0.7183,0.4298,0.0042,2.4263,2.1929
845,270.83,2,30,0.7183,0.4294,0.0103,2.4263,2.1929
846,205.83,1,40,0.0083,0.4290,0.0085,2.4263,2.1929
847,271.67,2,40,0.6667,0.4285,0.0042,2.4263,2.1929
848,271.67,2,40,0.7267,0.4281,0.0042,2.4263,2.1929
849,271.67,2,30,0.7267,0.4277,0.0102,2.4263,2.1929
850,205.00,1,40,0.0000,0.4272,0.0085,2.4263,2.1929
851,270.83,2,40,0.6583,0.4268,0.0041,2.4263,2.1929
852,271.67,2,50,0.7267,0.4264,0.0108,2.4263,2.1929
853,337.50,2,50,0.5750,0.4260,0.0041,2.4263,2.1929
854,337.50,2,60,0.6350,0.4255,0.0106,2.4263,2.1929
855,403.33,3,50,-0.0833,0.4251,0.0106,2.4263,2.1929
856,337.50,2,60,0.5750,0.4247,0.0105,2.4263,2.1929
857,403.33,3,50,-0.0833,0.4243,0.0105,2.4263,2.1929
858,337.50,2,50,0.5750,0.4238,0.0041,2.4263,2.1929
859,337.50,2,60,0.6350,0.4234,0.0104,2.4263,2.1929
860,403.33,3,50,-0.0833,0.4230,0.0104,2.4263,2.1929
861,337.50,2,50,0.5750,0.4226,0.0041,2.4263,2.1929
862,337.50,2,60,0.6350,0.4221,0.0103,2.4263,2.1929
863,402.50,3,50,-0.0750,0.4217,0.0103,2.4263,2.1929
864,336.67,2,50,0.5833,0.4213,0.0041,2.4263,2.1929
865,336.67,2,50,0.6433,0.4209,0.0041,2.4263,2.1929
866,337.50,2,50,0.6350,0.4205,0.0040,2.4263,2.1929
867,337.50,2,40,0.6350,0.4200,0.0101,2.4263,2.1929
868,271.67,2,40,0.6667,0.4196,0.0040,2.4263,2.1929
869,271.67,2,40,0.7267,0.4192,0.0040,2.4263,2.1929
870,271.67,2,40,0.7267,0.4188,0.0040,2.4263,2.1929
871,270.00,2,40,0.7100,0.4184,0.0040,2.4263,2.1929
872,271.67,2,40,0.7267,0.4179,0.0040,2.4263,2.1929
873,270.83,2,40,0.7183,0.4175,0.0040,2.4263,2.1929
874,271.67,2,40,0.7267,0.4171,0.0039,2.4263,2.1929
875,271.67,2,40,0.7267,0.4167,0.0039,2.4263,2.1929
876,271.67,2,40,0.7267,0.4163,0.0039,2.4263,2.1929
877,270.83,2,40,0.7183,0.4159,0.0039,2.4263,2.1929
878,271.67,2,40,0.7267,0.4154,0.0039,2.4263,2.1929
879,271.67,2,40,0.7267,0.4150,0.0039,2.4263,2.1929
880,271.67,2,30,0.7267,0.4146,0.0100,2.4263,2.1929
881,205.83,1,40,0.0083,0.4142,0.0084,2.4263,2.1929
882,271.67,2,40,0.6667,0.4138,0.0038,2.4263,2.1929
883,270.83,2,40,0.7183,0.4134,0.0038,2.4263,2.1929
884,271.67,2,30,0.7267,0.4129,0.0099,2.4263,2.1929
885,205.83,1,40,0.0083,0.4125,0.0083,2.4263,2.1929
886,271.67,2,40,0.6667,0.4121,0.0038,2.4263,2.1929
887,271.67,2,50,0.7267,0.4117,0.0102,2.4263,2.1929
888,337.50,2,60,0.5750,0.4113,0.0101,2.4263,2.1929
889,402.50,3,70,-0.0750,0.4109,0.0417,2.4263,2.1929
890,470.00,3,70,-0.7500,0.4105,0.0357,2.4263,2.1929
891,469.17,3,80,-0.6817,0.4101,0.0400,2.4263,2.1929
892,535.00,4,70,-1.0000,0.4097,0.1000,2.4263,2.1929
893,470.00,3,60,-0.7500,0.4092,0.0102,2.4263,2.1929
894,404.17,3,50,-0.0917,0.4088,0.0101,2.4263,2.1929
895,337.50,2,50,0.5750,0.4084,0.0038,2.4263,2.1929
896,336.67,2,50,0.6433,0.4080,0.0038,2.4263,2.1929
897,336.67,2,50,0.6433,0.4076,0.0038,2.4263,2.1929
898,337.50,2,50,0.6350,0.4072,0.0038,2.4263,2.1929
899,337.50,2,40,0.6350,0.4068,0.0098,2.4263,2.1929
900,270.83,2,30,0.6583,0.4064,0.0097,2.4263,2.1929
901,205.83,1,20,0.0083,0.4060,0.0200,2.4263,2.1929
902,139.17,1,30,-0.6583,0.4056,0.0083,2.4263,2.1929
903,205.00,1,40,0.0000,0.4052,0.0082,2.4263,2.1929
904,271.67,2,40,0.6667,0.4048,0.0037,2.4263,2.1929
905,270.83,2,40,0.7183,0.4044,0.0037,2.4263,2.1929
906,271.67,2,40,0.7267,0.4040,0.0037,2.4263,2.1929
907,271.67,2,40,0.7267,0.4036,0.0037,2.4263,2.1929
908,271.67,2,40,0.7267,0.4032,0.0037,2.4263,2.1929
909,270.83,2,30,0.7183,0.4027,0.0096,2.4263,2.1929
910,205.83,1,40,0.0083,0.4023,0.0081,2.4263,2.1929
911,271.67,2,40,0.6667,0.4019,0.0037,2.4263,2.1929
912,271.67,2,30,0.7267,0.4015,0.0095,2.4263,2.1929
913,205.83,1,40,0.0083,0.4011,0.0081,2.4263,2.1929
914,271.67,2,40,0.6667,0.4007,0.0037,2.4263,2.1929
915,271.67,2,40,0.7267,0.4003,0.0036,2.4263,2.1929
916,271.67,2,40,0.7267,0.3999,0.0036,2.4263,2.1929
917,270.83,2,40,0.7183,0.3995,0.0036,2.4263,2.1929
918,271.67,2,40,0.7267,0.3991,0.0036,2.4263,2.1929
919,271.67,2,40,0.7267,0.3987,0.0036,2.4263,2.1929
920,271.67,2,40,0.7267,0.3983,0.0036,2.4263,2.1929
921,271.67,2,40,0.7267,0.3979,0.0036,2.4263,2.1929
922,271.67,2,40,0.7267,0.3975,0.0036,2.4263,2.1929
923,270.83,2,40,0.7183,0.3971,0.0035,2.4263,2.1929
924,271.67,2,40,0.7267,0.3967,0.0035,2.4263,2.1929
925,271.67,2,50,0.7267,0.3964,0.0100,2.4263,2.1929
926,337.50,2,60,0.5750,0.3960,0.0099,2.4263,2.1929
927,403.33,3,50,-0.0833,0.3956,0.0100,2.4263,2.1929
928,337.50,2,50,0.5750,0.3952,0.0035,2.4263,2.1929
929,337.50,2,50,0.6350,0.3948,0.0035,2.4263,2.1929
930,337.50,2,50,0.6350,0.3944,0.0035,2.4263,2.1929
931,336.67,2,40,0.6433,0.3940,0.0094,2.4263,2.1929
932,271.67,2,40,0.6667,0.3936,0.0035,2.4263,2.1929
933,270.83,2,40,0.7183,0.3932,0.0035,2.4263,2.1929
934,271.67,2,40,0.7267,0.3928,0.0035,2.4263,2.1929
935,270.83,2,40,0.7183,0.3924,0.0034,2.4263,2.1929
936,270.83,2,40,0.7183,0.3920,0.0034,2.4263,2.1929
937,271.67,2,40,0.7267,0.3916,0.0034,2.4263,2.1929
938,271.67,2,40,0.7267,0.3912,0.0034,2.4263,2.1929
939,271.67,2,30,0.7267,0.3908,0.0093,2.4263,2.1929
940,205.83,1,40,0.0083,0.3904,0.0080,2.4263,2.1929
941,270.83,2,50,0.6583,0.3901,0.0098,2.4263,2.1929
942,337.50,2,50,0.5750,0.3897,0.0034,2.4263,2.1929
943,337.50,2,50,0.6350,0.3893,0.0034,2.4263,2.1929
944,338.33,2,50,0.6267,0.3889,0.0034,2.4263,2.1929
945,337.50,2,50,0.6350,0.3885,0.0034,2.4263,2.1929
946,337.50,2,50,0.6350,0.3881,0.0034,2.4263,2.1929
947,337.50,2,50,0.6350,0.3877,0.0033,2.4263,2.1929
948,337.50,2,60,0.6350,0.3873,0.0097,2.4263,2.1929
949,403.33,3,50,-0.0833,0.3869,0.0099,2.4263,2.1929
950,337.50,2,50,0.5750,0.3866,0.0033,2.4263,2.1929
951,337.50,2,50,0.6350,0.3862,0.0033,2.4263,2.1929
952,337.50,2,50,0.6350,0.3858,0.0033,2.4263,2.1929
953,337.50,2,50,0.6350,0.3854,0.0033,2.4263,2.1929
954,337.50,2,50,0.6350,0.3850,0.0033,2.4263,2.1929
955,337.50,2,50,0.6350,0.3846,0.0033,2.4263,2.1929
956,337.50,2,50,0.6350,0.3842,0.0033,2.4263,2.1929
957,337.50,2,50,0.6350,0.3839,0.0033,2.4263,2.1929
958,338.33,2,50,0.6267,0.3835,0.0032,2.4263,2.1929
959,337.50,2,50,0.6350,0.3831,0.0032,2.4263,2.1929
960,337.50,2,60,0.6350,0.3827,0.0096,2.4263,2.1929
961,403.33,3,50,-0.0833,0.3823,0.0098,2.4263,2.1929
962,337.50,2,60,0.5750,0.3819,0.0095,2.4263,2.1929
963,403.33,3,50,-0.0833,0.3816,0.0097,2.4263,2.1929
964,338.33,2,50,0.5667,0.3812,0.0032,2.4263,2.1929
965,337.50,2,60,0.6350,0.3808,0.0094,2.4263,2.1929
966,404.17,3,50,-0.0917,0.3804,0.0096,2.4263,2.1929
967,336.67,2,40,0.5833,0.3800,0.0093,2.4263,2.1929
968,270.83,2,40,0.6583,0.3797,0.0032,2.4263,2.1929
969,271.67,2,40,0.7267,0.3793,0.0032,2.4263,2.1929
970,271.67,2,30,0.7267,0.3789,0.0092,2.4263,2.1929
971,205.83,1,40,0.0083,0.3785,0.0079,2.4263,2.1929
972,271.67,2,40,0.6667,0.3781,0.0032,2.4263,2.1929
973,271.67,2,40,0.7267,0.3778,0.0032,2.4263,2.1929
974,271.67,2,30,0.7267,0.3774,0.0091,2.4263,2.1929
975,205.83,1,40,0.0083,0.3770,0.0079,2.4263,2.1929
976,271.67,2,40,0.6667,0.3766,0.0032,2.4263,2.1929
977,271.67,2,40,0.7267,0.3763,0.0032,2.4263,2.1929
978,271.67,2,40,0.7267,0.3759,0.0032,2.4263,2.1929
979,271.67,2,40,0.7267,0.3755,0.0031,2.4263,2.1929
980,271.67,2,50,0.7267,0.3751,0.0093,2.4263,2.1929
981,337.50,2,50,0.5750,0.3748,0.0031,2.4263,2.1929
982,337.50,2,50,0.6350,0.3744,0.0031,2.4263,2.1929
983,337.50,2,50,0.6350,0.3740,0.0031,2.4263,2.1929
984,338.33,2,50,0.6267,0.3736,0.0031,2.4263,2.1929
985,337.50,2,50,0.6350,0.3733,0.0031,2.4263,2.1929
986,337.50,2,50,0.6350,0.3729,0.0031,2.4263,2.1929
987,336.67,2,50,0.6433,0.3725,0.0031,2.4263,2.1929
988,337.50,2,50,0.6350,0.3721,0.0031,2.4263,2.1929
989,336.67,2,50,0.6433,0.3718,0.0031,2.4263,2.1929
990,338.33,2,50,0.6267,0.3714,0.0030,2.4263,2.1929
991,336.67,2,50,0.6433,0.3710,0.0030,2.4263,2.1929
992,337.50,2,50,0.6350,0.3707,0.0030,2.4263,2.1929
993,336.67,2,60,0.6433,0.3703,0.0093,2.4263,2.1929
994,403.33,3,50,-0.0833,0.3699,0.0095,2.4263,2.1929
995,337.50,2,50,0.5750,0.3695,0.0030,2.4263,2.1929
996,337.50,2,50,0.6350,0.3692,0.0030,2.4263,2.1929
997,337.50,2,50,0.6350,0.3688,0.0030,2.4263,2.1929
998,338.33,2,50,0.6267,0.3684,0.0030,2.4263,2.1929
999,336.67,2,50,0.6433,0.3681,0.0030,2.4263,2.1929
1000,337.50,2,50,0.6350,0.3677,0.0030,2.4263,2.1929
1001,337.50,2,50,0.6350,0.3673,0.0030,2.4263,2.1929
1002,337.50,2,50,0.6350,0.3670,0.0030,2.4263,2.1929
1003,337.50,2,50,0.6350,0.3666,0.0029,2.4263,2.1929
1004,338.33,2,60,0.6267,0.3662,0.0092,2.4263,2.1929
1005,403.33,3,50,-0.0833,0.3659,0.0094,2.4263,2.1929
1006,337.50,2,40,0.5750,0.3655,0.0090,2.4263,2.1929
1007,270.83,2,40,0.6583,0.3651,0.0029,2.4263,2.1929
1008,270.83,2,40,0.7183,0.3648,0.0029,2.4263,2.1929
1009,271.67,2,30,0.7267,0.3644,0.0089,2.4263,2.1929
1010,205.83,1,40,0.0083,0.3640,0.0078,2.4263,2.1929
1011,271.67,2,40,0.6667,0.3637,0.0029,2.4263,2.1929
1012,271.67,2,40,0.7267,0.3633,0.0029,2.4263,2.1929
1013,270.00,2,40,0.7100,0.3629,0.0029,2.4263,2.1929
1014,270.83,2,40,0.7183,0.3626,0.0029,2.4263,2.1929
1015,270.83,2,40,0.7183,0.3622,0.0029,2.4263,2.1929
1016,271.67,2,40,0.7267,0.3619,0.0029,2.4263,2.1929
1017,271.67,2,40,0.7267,0.3615,0.0029,2.4263,2.1929
1018,271.67,2,40,0.7267,0.3611,0.0029,2.4263,2.1929
1019,270.83,2,40,0.7183,0.3608,0.0029,2.4263,2.1929
1020,270.83,2,40,0.7183,0.3604,0.0028,2.4263,2.1929
1021,271.67,2,30,0.7267,0.3601,0.0088,2.4263,2.1929
1022,205.83,1,20,0.0083,0.3597,0.0196,2.4263,2.1929
1023,139.17,1,30,-0.6583,0.3593,0.0078,2.4263,2.1929
1024,205.83,1,40,0.0083,0.3590,0.0077,2.4263,2.1929
1025,270.83,2,50,0.6583,0.3586,0.0091,2.4263,2.1929
1026,336.67,2,50,0.5833,0.3583,0.0028,2.4263,2.1929
1027,336.67,2,60,0.6433,0.3579,0.0090,2.4263,2.1929
1028,403.33,3,50,-0.0833,0.3575,0.0093,2.4263,2.1929
1029,337.50,2,50,0.5750,0.3572,0.0028,2.4263,2.1929
1030,337.50,2,40,0.6350,0.3568,0.0088,2.4263,2.1929
1031,270.83,2,40,0.6583,0.3565,0.0028,2.4263,2.1929
1032,270.83,2,40,0.7183,0.3561,0.0028,2.4263,2.1929
1033,270.83,2,40,0.7183,0.3558,0.0028,2.4263,2.1929
1034,270.83,2,50,0.7183,0.3554,0.0089,2.4263,2.1929
1035,337.50,2,50,0.5750,0.3550,0.0028,2.4263,2.1929
1036,337.50,2,60,0.6350,0.3547,0.0088,2.4263,2.1929
1037,402.50,3,50,-0.0750,0.3543,0.0093,2.4263,2.1929
1038,337.50,2,50,0.5750,0.3540,0.0028,2.4263,2.1929
1039,337.50,2,50,0.6350,0.3536,0.0028,2.4263,2.1929
1040,336.67,2,50,0.6433,0.3533,0.0028,2.4263,2.1929
1041,335.83,2,50,0.6517,0.3529,0.0028,2.4263,2.1929
1042,336.67,2,60,0.6433,0.3526,0.0088,2.4263,2.1929
1043,403.33,3,50,-0.0833,0.3522,0.0092,2.4263,2.1929
1044,337.50,2,60,0.5750,0.3519,0.0087,2.4263,2.1929
1045,402.50,3,50,-0.0750,0.3515,0.0091,2.4263,2.1929
1046,336.67,2,50,0.5833,0.3512,0.0028,2.4263,2.1929
1047,336.67,2,50,0.6433,0.3508,0.0028,2.4263,2.1929
1048,335.83,2,60,0.6517,0.3505,0.0086,2.4263,2.1929
1049,402.50,3,50,-0.0750,0.3501,0.0090,2.4263,2.1929
1050,336.67,2,50,0.5833,0.3498,0.0027,2.4263,2.1929
1051,336.67,2,50,0.6433,0.3494,0.0027,2.4263,2.1929
1052,336.67,2,50,0.6433,0.3491,0.0027,2.4263,2.1929
1053,336.67,2,50,0.6433,0.3487,0.0027,2.4263,2.1929
1054,337.50,2,50,0.6350,0.3484,0.0027,2.4263,2.1929
1055,337.50,2,50,0.6350,0.3480,0.0027,2.4263,2.1929
1056,336.67,2,50,0.6433,0.3477,0.0027,2.4263,2.1929
1057,337.50,2,50,0.6350,0.3473,0.0027,2.4263,2.1929
1058,337.50,2,50,0.6350,0.3470,0.0027,2.4263,2.1929
1059,336.67,2,50,0.6433,0.3466,0.0027,2.4263,2.1929
1060,336.67,2,60,0.6433,0.3463,0.0085,2.4263,2.1929
1061,403.33,3,50,-0.0833,0.3459,0.0089,2.4263,2.1929
1062,337.50,2,50,0.5750,0.3456,0.0027,2.4263,2.1929
1063,336.67,2,50,0.6433,0.3452,0.0027,2.4263,2.1929
1064,337.50,2,40,0.6350,0.3449,0.0087,2.4263,2.1929
1065,270.00,2,50,0.6500,0.3445,0.0085,2.4263,2.1929
1066,336.67,2,60,0.5833,0.3442,0.0084,2.4263,2.1929
1067,403.33,3,50,-0.0833,0.3439,0.0088,2.4263,2.1929
1068,336.67,2,50,0.5833,0.3435,0.0027,2.4263,2.1929
1069,336.67,2,50,0.6433,0.3432,0.0027,2.4263,2.1929
1070,336.67,2,50,0.6433,0.3428,0.0026,2.4263,2.1929
1071,337.50,2,60,0.6350,0.3425,0.0083,2.4263,2.1929
1072,402.50,3,50,-0.0750,0.3421,0.0088,2.4263,2.1929
1073,336.67,2,60,0.5833,0.3418,0.0083,2.4263,2.1929
1074,402.50,3,70,-0.0750,0.3415,0.0385,2.4263,2.1929
1075,467.50,3,70,-0.7250,0.3411,0.0345,2.4263,2.1929
1076,470.00,3,60,-0.6900,0.3408,0.0087,2.4263,2.1929
1077,401.67,3,70,-0.0667,0.3404,0.0370,2.4263,2.1929
1078,469.17,3,60,-0.7417,0.3401,0.0086,2.4263,2.1929
1079,403.33,3,50,-0.0833,0.3398,0.0085,2.4263,2.1929
1080,336.67,2,60,0.5833,0.3394,0.0082,2.4263,2.1929
1081,402.50,3,50,-0.0750,0.3391,0.0085,2.4263,2.1929
1082,337.50,2,50,0.5750,0.3387,0.0026,2.4263,2.1929
1083,337.50,2,50,0.6350,0.3384,0.0026,2.4263,2.1929
1084,337.50,2,50,0.6350,0.3381,0.0026,2.4263,2.1929
1085,336.67,2,50,0.6433,0.3377,0.0026,2.4263,2.1929
1086,335.00,2,40,0.6600,0.3374,0.0086,2.4263,2.1929
1087,270.00,2,40,0.6500,0.3370,0.0026,2.4263,2.1929
1088,270.00,2,40,0.7100,0.3367,0.0026,2.4263,2.1929
1089,269.17,2,40,0.7017,0.3364,0.0026,2.4263,2.1929
1090,270.83,2,30,0.7183,0.3360,0.0085,2.4263,2.1929
1091,235.00,1,40,0.3000,0.3357,0.0076,2.4263,2.1929
1092,300.83,2,40,0.9417,0.3354,0.0026,2.4263,2.1929
1093,289.17,2,40,0.9017,0.3350,0.0026,2.4263,2.1929
1094,286.67,2,40,0.8767,0.3347,0.0026,2.4263,2.1929
1095,287.50,2,50,0.8850,0.3344,0.0081,2.4263,2.1929
1096,350.00,3,60,0.4500,0.3340,0.0357,2.4263,2.1929
1097,415.00,3,60,-0.2000,0.3337,0.0333,2.4263,2.1929
1098,416.67,3,70,-0.1567,0.3334,0.0345,2.4263,2.1929
1099,488.33,3,60,-0.9333,0.3330,0.0084,2.4263,2.1929
1100,429.17,3,50,-0.3417,0.3327,0.0083,2.4263,2.1929
1101,376.67,3,40,0.1833,0.3324,0.0083,2.4263,2.1929
1102,330.00,2,30,0.6500,0.3320,0.0085,2.4263,2.1929
1103,320.83,2,40,0.7417,0.3317,0.0081,2.4263,2.1929
1104,468.33,3,30,-0.7333,0.3314,0.0082,2.4263,2.1929
1105,465.00,3,20,-0.7000,0.3310,0.0081,2.4263,2.1929
1106,411.67,3,10,-0.1667,0.3307,0.0081,2.4263,2.1929
1107,380.00,3,20,0.1500,0.3304,0.0333,2.4263,2.1929
1108,520.00,4,30,-1.0000,0.3300,0.2000,2.4263,2.1929
1109,631.67,4,20,-1.0000,0.3297,0.0909,2.4263,2.1929
1110,563.33,4,20,-1.0000,0.3294,0.1250,2.4263,2.1929
1111,564.17,4,10,-1.0000,0.3291,0.0833,2.4263,2.1929
1112,498.33,3,20,-1.0000,0.3287,0.0323,2.4263,2.1929
1113,536.67,4,20,-1.0000,0.3284,0.1111,2.4263,2.1929
1114,555.83,4,10,-1.0000,0.3281,0.0769,2.4263,2.1929
1115,487.50,3,0,-0.9250,0.3277,0.0080,2.4263,2.1929
1116,433.33,3,10,-0.3833,0.3274,0.0312,2.4263,2.1929
1117,501.67,4,0,-1.0000,0.3271,0.0714,2.4263,2.1929
1118,436.67,3,0,-0.4167,0.3268,0.0079,2.4263,2.1929
1119,440.00,3,0,-0.4500,0.3264,0.0079,2.4263,2.1929
1120,439.17,3,0,-0.4417,0.3261,0.0078,2.4263,2.1929
1121,440.00,3,10,-0.4500,0.3258,0.0303,2.4263,2.1929
1122,505.83,4,20,-1.0000,0.3255,0.1667,2.4263,2.1929
1123,572.50,4,10,-1.0000,0.3251,0.0667,2.4263,2.1929
1124,513.33,4,0,-1.0000,0.3248,0.0625,2.4263,2.1929
1125,452.50,3,0,-0.5750,0.3245,0.0078,2.4263,2.1929
1126,455.00,3,0,-0.6000,0.3242,0.0077,2.4263,2.1929
1127,457.50,3,10,-0.6250,0.3238,0.0294,2.4263,2.1929
1128,524.17,4,0,-1.0000,0.3235,0.0588,2.4263,2.1929
1129,460.83,3,0,-0.6583,0.3232,0.0076,2.4263,2.1929
1130,462.50,3,10,-0.6750,0.3229,0.0286,2.4263,2.1929
1131,530.00,4,0,-1.0000,0.3225,0.0556,2.4263,2.1929
1132,466.67,3,0,-0.7167,0.3222,0.0323,2.4263,2.1929
1133,469.17,3,0,-0.6817,0.3219,0.0076,2.4263,2.1929
1134,470.83,3,0,-0.7583,0.3216,0.0075,2.4263,2.1929
1135,472.50,3,10,-0.7750,0.3212,0.0278,2.4263,2.1929
1136,540.00,4,0,-1.0000,0.3209,0.0526,2.4263,2.1929
1137,476.67,3,0,-0.8167,0.3206,0.0312,2.4263,2.1929
1138,477.50,3,0,-0.7650,0.3203,0.0075,2.4263,2.1929
1139,479.17,3,0,-0.8417,0.3200,0.0074,2.4263,2.1929
1140,480.00,3,0,-0.8500,0.3196,0.0303,2.4263,2.1929
1141,482.50,3,0,-0.8150,0.3193,0.0074,2.4263,2.1929
1142,483.33,3,0,-0.8833,0.3190,0.0073,2.4263,2.1929
1143,485.00,3,0,-0.9000,0.3187,0.0072,2.4263,2.1929
1144,486.67,3,0,-0.9167,0.3184,0.0072,2.4263,2.1929
1145,487.50,3,0,-0.9250,0.3180,0.0071,2.4263,2.1929
1146,489.17,3,0,-0.9417,0.3177,0.0071,2.4263,2.1929
1147,490.83,3,0,-0.9583,0.3174,0.0070,2.4263,2.1929
1148,491.67,3,0,-0.9667,0.3171,0.0070,2.4263,2.1929
1149,493.33,3,0,-0.9833,0.3168,0.0069,2.4263,2.1929
1150,495.00,3,0,-1.0000,0.3165,0.0069,2.4263,2.1929
1151,496.67,3,0,-1.0000,0.3161,0.0068,2.4263,2.1929
1152,497.50,3,0,-1.0000,0.3158,0.0068,2.4263,2.1929
1153,498.33,3,0,-1.0000,0.3155,0.0068,2.4263,2.1929
1154,500.00,4,10,-1.0000,0.3152,0.1429,2.4263,2.1929
1155,566.67,4,10,-1.0000,0.3149,0.1000,2.4263,2.1929
1156,567.50,4,20,-1.0000,0.3146,0.1250,2.4263,2.1929
1157,634.17,4,30,-1.0000,0.3143,0.1111,2.4263,2.1929
1158,700.83,4,20,-1.0000,0.3139,0.0500,2.4263,2.1929
1159,635.83,4,30,-1.0000,0.3136,0.1000,2.4263,2.1929
1160,701.67,4,20,-1.0000,0.3133,0.0476,2.4263,2.1929
1161,635.83,4,10,-1.0000,0.3130,0.0455,2.4263,2.1929
1162,571.67,4,10,-1.0000,0.3127,0.0909,2.4263,2.1929
1163,571.67,4,0,-1.0000,0.3124,0.0435,2.4263,2.1929
1164,507.50,4,0,-1.0000,0.3121,0.0417,2.4263,2.1929
1165,507.50,4,0,-1.0000,0.3117,0.0833,2.4263,2.1929
1166,507.50,4,0,-1.0000,0.3114,0.0400,2.4263,2.1929
1167,507.50,4,0,-1.0000,0.3111,0.0385,2.4263,2.1929
1168,507.50,4,0,-1.0000,0.3108,0.0370,2.4263,2.1929
1169,507.50,4,0,-1.0000,0.3105,0.0357,2.4263,2.1929
1170,507.50,4,0,-1.0000,0.3102,0.0345,2.4263,2.1929
1171,507.50,4,0,-1.0000,0.3099,0.0333,2.4263,2.1929
1172,508.33,4,0,-1.0000,0.3096,0.0323,2.4263,2.1929
1173,507.50,4,0,-1.0000,0.3093,0.0312,2.4263,2.1929
1174,508.33,4,0,-1.0000,0.3090,0.0303,2.4263,2.1929
1175,508.33,4,0,-1.0000,0.3086,0.0294,2.4263,2.1929
1176,508.33,4,0,-1.0000,0.3083,0.0286,2.4263,2.1929
1177,508.33,4,0,-1.0000,0.3080,0.0278,2.4263,2.1929
1178,508.33,4,0,-1.0000,0.3077,0.0270,2.4263,2.1929
1179,508.33,4,0,-1.0000,0.3074,0.0263,2.4263,2.1929
1180,509.17,4,0,-1.0000,0.3071,0.0256,2.4263,2.1929
1181,509.17,4,0,-1.0000,0.3068,0.0250,2.4263,2.1929
1182,510.00,4,0,-1.0000,0.3065,0.0244,2.4263,2.1929
1183,510.83,4,0,-1.0000,0.3062,0.0238,2.4263,2.1929
1184,511.67,4,0,-1.0000,0.3059,0.0233,2.4263,2.1929
1185,512.50,4,0,-1.0000,0.3056,0.0227,2.4263,2.1929
1186,513.33,4,0,-1.0000,0.3053,0.0222,2.4263,2.1929
1187,514.17,4,10,-1.0000,0.3050,0.0909,2.4263,2.1929
1188,580.00,4,20,-1.0000,0.3047,0.0833,2.4263,2.1929
1189,646.67,4,10,-1.0000,0.3043,0.0217,2.4263,2.1929
1190,582.50,4,20,-1.0000,0.3040,0.0769,2.4263,2.1929
1191,650.00,4,10,-1.0000,0.3037,0.0213,2.4263,2.1929
1192,585.83,4,0,-1.0000,0.3034,0.0208,2.4263,2.1929
1193,522.50,4,0,-1.0000,0.3031,0.0204,2.4263,2.1929
1194,523.33,4,0,-1.0000,0.3028,0.0200,2.4263,2.1929
1195,524.17,4,0,-1.0000,0.3025,0.0196,2.4263,2.1929
1196,525.83,4,0,-1.0000,0.3022,0.0192,2.4263,2.1929
1197,525.00,4,0,-1.0000,0.3019,0.0189,2.4263,2.1929
1198,520.83,4,0,-1.0000,0.3016,0.0185,2.4263,2.1929
1199,494.17,3,0,-0.9917,0.3013,0.0067,2.4263,2.1929
1200,472.50,3,0,-0.7750,0.3010,0.0067,2.4263,2.1929
1201,472.50,3,0,-0.7750,0.3007,0.0066,2.4263,2.1929
1202,489.17,3,10,-0.9417,0.3004,0.0270,2.4263,2.1929
1203,520.83,4,0,-1.0000,0.3001,0.0182,2.4263,2.1929
1204,369.17,3,0,0.2583,0.2998,0.0066,2.4263,2.1929
1205,316.67,2,10,0.7833,0.2995,0.0080,2.4263,2.1929
1206,326.67,2,10,0.6833,0.2992,0.0026,2.4263,2.1929
1207,355.00,3,0,0.4600,0.2989,0.0065,2.4263,2.1929
1208,241.67,1,10,0.3667,0.2986,0.0076,2.4263,2.1929
1209,284.17,2,10,0.7917,0.2983,0.0026,2.4263,2.1929
1210,213.33,1,20,0.1433,0.2980,0.0075,2.4263,2.1929
1211,180.83,1,30,-0.2417,0.2977,0.0075,2.4263,2.1929
1212,217.50,1,40,0.1250,0.2974,0.0074,2.4263,2.1929
1213,281.67,2,40,0.7667,0.2971,0.0026,2.4263,2.1929
1214,281.67,2,30,0.8267,0.2968,0.0084,2.4263,2.1929
1215,216.67,1,20,0.1167,0.2965,0.0192,2.4263,2.1929
1216,154.17,1,30,-0.5083,0.2962,0.0074,2.4263,2.1929
1217,220.83,1,30,0.1583,0.2959,0.0175,2.4263,2.1929
1218,218.33,1,40,0.1933,0.2956,0.0073,2.4263,2.1929
1219,285.83,2,30,0.8083,0.2954,0.0083,2.4263,2.1929
1220,224.17,1,40,0.1917,0.2951,0.0072,2.4263,2.1929
1221,289.17,2,40,0.8417,0.2948,0.0026,2.4263,2.1929
1222,290.00,2,40,0.9100,0.2945,0.0025,2.4263,2.1929
1223,290.83,2,40,0.9183,0.2942,0.0025,2.4263,2.1929
1224,290.83,2,30,0.9183,0.2939,0.0083,2.4263,2.1929
1225,225.00,1,40,0.2000,0.2936,0.0072,2.4263,2.1929
1226,290.83,2,30,0.8583,0.2933,0.0082,2.4263,2.1929
1227,225.00,1,40,0.2000,0.2930,0.0071,2.4263,2.1929
1228,290.83,2,40,0.8583,0.2927,0.0025,2.4263,2.1929
1229,278.33,2,40,0.7933,0.2924,0.0025,2.4263,2.1929
1230,279.17,2,50,0.8017,0.2921,0.0079,2.4263,2.1929
1231,345.00,2,50,0.5000,0.2918,0.0025,2.4263,2.1929
1232,344.17,2,50,0.5683,0.2915,0.0025,2.4263,2.1929
1233,344.17,2,50,0.5683,0.2912,0.0025,2.4263,2.1929
1234,345.00,2,40,0.5600,0.2910,0.0081,2.4263,2.1929
1235,277.50,2,50,0.7250,0.2907,0.0079,2.4263,2.1929
1236,344.17,2,50,0.5083,0.2904,0.0025,2.4263,2.1929
1237,344.17,2,50,0.5683,0.2901,0.0025,2.4263,2.1929
1238,340.83,2,50,0.6017,0.2898,0.0025,2.4263,2.1929
1239,336.67,2,50,0.6433,0.2895,0.0025,2.4263,2.1929
1240,336.67,2,50,0.6433,0.2892,0.0025,2.4263,2.1929
1241,336.67,2,50,0.6433,0.2889,0.0025,2.4263,2.1929
1242,336.67,2,50,0.6433,0.2886,0.0025,2.4263,2.1929
1243,337.50,2,50,0.6350,0.2883,0.0025,2.4263,2.1929
1244,336.67,2,50,0.6433,0.2881,0.0025,2.4263,2.1929
1245,336.67,2,40,0.6433,0.2878,0.0081,2.4263,2.1929
1246,265.00,2,40,0.6000,0.2875,0.0024,2.4263,2.1929
1247,265.00,2,40,0.6600,0.2872,0.0024,2.4263,2.1929
1248,265.00,2,40,0.6600,0.2869,0.0024,2.4263,2.1929
1249,265.83,2,40,0.6683,0.2866,0.0024,2.4263,2.1929
1250,265.83,2,40,0.6683,0.2863,0.0024,2.4263,2.1929
1251,266.67,2,50,0.6767,0.2860,0.0078,2.4263,2.1929
1252,331.67,2,50,0.6333,0.2858,0.0024,2.4263,2.1929
1253,330.83,2,50,0.7017,0.2855,0.0024,2.4263,2.1929
1254,330.83,2,50,0.7017,0.2852,0.0024,2.4263,2.1929
1255,330.83,2,60,0.7017,0.2849,0.0078,2.4263,2.1929
1256,397.50,3,50,-0.0250,0.2846,0.0065,2.4263,2.1929
1257,331.67,2,40,0.6333,0.2843,0.0080,2.4263,2.1929
1258,266.67,2,30,0.6167,0.2840,0.0079,2.4263,2.1929
1259,200.00,1,30,-0.0500,0.2838,0.0172,2.4263,2.1929
1260,200.00,1,40,0.0100,0.2835,0.0071,2.4263,2.1929
1261,265.00,2,40,0.6000,0.2832,0.0024,2.4263,2.1929
1262,266.67,2,50,0.6767,0.2829,0.0077,2.4263,2.1929
1263,331.67,2,50,0.6333,0.2826,0.0024,2.4263,2.1929
1264,330.83,2,50,0.7017,0.2823,0.0024,2.4263,2.1929
1265,330.83,2,50,0.7017,0.2821,0.0024,2.4263,2.1929
1266,331.67,2,50,0.6933,0.2818,0.0024,2.4263,2.1929
1267,331.67,2,60,0.6933,0.2815,0.0076,2.4263,2.1929
1268,397.50,3,50,-0.0250,0.2812,0.0065,2.4263,2.1929
1269,332.50,2,50,0.6250,0.2809,0.0024,2.4263,2.1929
1270,330.83,2,50,0.7017,0.2807,0.0024,2.4263,2.1929
1271,331.67,2,50,0.6933,0.2804,0.0024,2.4263,2.1929
1272,331.67,2,50,0.6933,0.2801,0.0024,2.4263,2.1929
1273,330.83,2,50,0.7017,0.2798,0.0023,2.4263,2.1929
1274,330.83,2,50,0.7017,0.2795,0.0023,2.4263,2.1929
1275,331.67,2,50,0.6933,0.2793,0.0023,2.4263,2.1929
1276,331.67,2,50,0.6933,0.2790,0.0023,2.4263,2.1929
1277,331.67,2,50,0.6933,0.2787,0.0023,2.4263,2.1929
1278,331.67,2,50,0.6933,0.2784,0.0023,2.4263,2.1929
1279,331.67,2,60,0.6933,0.2781,0.0076,2.4263,2.1929
1280,397.50,3,70,-0.0250,0.2779,0.0263,2.4263,2.1929
1281,463.33,3,60,-0.6833,0.2776,0.0064,2.4263,2.1929
1282,397.50,3,60,-0.0250,0.2773,0.0294,2.4263,2.1929
1283,397.50,3,60,0.0350,0.2770,0.0286,2.4263,2.1929
1284,398.33,3,50,0.0267,0.2768,0.0064,2.4263,2.1929
1285,331.67,2,40,0.6333,0.2765,0.0079,2.4263,2.1929
1286,266.67,2,50,0.6167,0.2762,0.0075,2.4263,2.1929
1287,330.83,2,50,0.6417,0.2759,0.0023,2.4263,2.1929
1288,331.67,2,50,0.6933,0.2756,0.0023,2.4263,2.1929
1289,330.83,2,50,0.7017,0.2754,0.0023,2.4263,2.1929
1290,331.67,2,50,0.6933,0.2751,0.0023,2.4263,2.1929
1291,332.50,2,50,0.6850,0.2748,0.0023,2.4263,2.1929
1292,332.50,2,50,0.6850,0.2745,0.0023,2.4263,2.1929
1293,331.67,2,50,0.6933,0.2743,0.0023,2.4263,2.1929
1294,331.67,2,50,0.6933,0.2740,0.0023,2.4263,2.1929
1295,331.67,2,50,0.6933,0.2737,0.0023,2.4263,2.1929
1296,331.67,2,40,0.6933,0.2735,0.0078,2.4263,2.1929
1297,266.67,2,40,0.6167,0.2732,0.0023,2.4263,2.1929
1298,265.83,2,40,0.6683,0.2729,0.0023,2.4263,2.1929
1299,266.67,2,40,0.6767,0.2726,0.0023,2.4263,2.1929
1300,265.00,2,40,0.6600,0.2724,0.0023,2.4263,2.1929
1301,265.00,2,40,0.6600,0.2721,0.0022,2.4263,2.1929
1302,266.67,2,40,0.6767,0.2718,0.0022,2.4263,2.1929
1303,266.67,2,40,0.6767,0.2715,0.0022,2.4263,2.1929
1304,265.83,2,40,0.6683,0.2713,0.0022,2.4263,2.1929
1305,265.83,2,40,0.6683,0.2710,0.0022,2.4263,2.1929
1306,265.83,2,40,0.6683,0.2707,0.0022,2.4263,2.1929
1307,265.83,2,40,0.6683,0.2705,0.0022,2.4263,2.1929
1308,265.83,2,40,0.6683,0.2702,0.0022,2.4263,2.1929
1309,266.67,2,40,0.6767,0.2699,0.0022,2.4263,2.1929
1310,265.83,2,40,0.6683,0.2696,0.0022,2.4263,2.1929
1311,265.83,2,40,0.6683,0.2694,0.0022,2.4263,2.1929
1312,266.67,2,40,0.6767,0.2691,0.0022,2.4263,2.1929
1313,265.00,2,40,0.6600,0.2688,0.0022,2.4263,2.1929
1314,266.67,2,40,0.6767,0.2686,0.0022,2.4263,2.1929
1315,265.00,2,40,0.6600,0.2683,0.0022,2.4263,2.1929
1316,266.67,2,40,0.6767,0.2680,0.0022,2.4263,2.1929
1317,266.67,2,40,0.6767,0.2678,0.0022,2.4263,2.1929
1318,266.67,2,40,0.6767,0.2675,0.0022,2.4263,2.1929
1319,265.00,2,40,0.6600,0.2672,0.0022,2.4263,2.1929
1320,266.67,2,30,0.6767,0.2670,0.0078,2.4263,2.1929
1321,200.00,1,40,-0.0500,0.2667,0.0070,2.4263,2.1929
1322,266.67,2,40,0.6167,0.2664,0.0022,2.4263,2.1929
1323,266.67,2,40,0.6767,0.2662,0.0022,2.4263,2.1929
1324,265.83,2,40,0.6683,0.2659,0.0021,2.4263,2.1929
1325,265.83,2,50,0.6683,0.2656,0.0075,2.4263,2.1929
1326,330.83,2,50,0.6417,0.2654,0.0021,2.4263,2.1929
1327,332.50,2,50,0.6850,0.2651,0.0021,2.4263,2.1929
1328,331.67,2,50,0.6933,0.2648,0.0021,2.4263,2.1929
1329,332.50,2,50,0.6850,0.2646,0.0021,2.4263,2.1929
1330,331.67,2,50,0.6933,0.2643,0.0021,2.4263,2.1929
1331,330.83,2,60,0.7017,0.2640,0.0074,2.4263,2.1929
1332,395.83,3,50,-0.0083,0.2638,0.0063,2.4263,2.1929
1333,331.67,2,60,0.6333,0.2635,0.0074,2.4263,2.1929
1334,398.33,3,50,-0.0333,0.2633,0.0063,2.4263,2.1929
1335,331.67,2,50,0.6333,0.2630,0.0021,2.4263,2.1929
1336,330.83,2,50,0.7017,0.2627,0.0021,2.4263,2.1929
1337,331.67,2,50,0.6933,0.2625,0.0021,2.4263,2.1929
1338,331.67,2,50,0.6933,0.2622,0.0021,2.4263,2.1929
1339,330.83,2,50,0.7017,0.2619,0.0021,2.4263,2.1929
1340,331.67,2,40,0.6933,0.2617,0.0077,2.4263,2.1929
1341,266.67,2,40,0.6167,0.2614,0.0021,2.4263,2.1929
1342,266.67,2,40,0.6767,0.2612,0.0021,2.4263,2.1929
1343,265.83,2,40,0.6683,0.2609,0.0021,2.4263,2.1929
1344,266.67,2,40,0.6767,0.2606,0.0021,2.4263,2.1929
1345,266.67,2,30,0.6767,0.2604,0.0076,2.4263,2.1929
1346,200.00,1,40,-0.0500,0.2601,0.0070,2.4263,2.1929
1347,265.83,2,30,0.6083,0.2598,0.0076,2.4263,2.1929
1348,200.00,1,40,-0.0500,0.2596,0.0069,2.4263,2.1929
1349,265.83,2,40,0.6083,0.2593,0.0021,2.4263,2.1929
1350,266.67,2,40,0.6767,0.2591,0.0021,2.4263,2.1929
1351,265.83,2,30,0.6683,0.2588,0.0075,2.4263,2.1929
1352,200.00,1,40,-0.0500,0.2586,0.0069,2.4263,2.1929
1353,266.67,2,40,0.6167,0.2583,0.0021,2.4263,2.1929
1354,265.00,2,30,0.6600,0.2580,0.0075,2.4263,2.1929
1355,200.00,1,40,-0.0500,0.2578,0.0068,2.4263,2.1929
1356,266.67,2,50,0.6167,0.2575,0.0073,2.4263,2.1929
1357,331.67,2,50,0.6333,0.2573,0.0021,2.4263,2.1929
1358,331.67,2,50,0.6933,0.2570,0.0021,2.4263,2.1929
1359,331.67,2,60,0.6933,0.2567,0.0072,2.4263,2.1929
1360,398.33,3,50,-0.0333,0.2565,0.0063,2.4263,2.1929
1361,331.67,2,50,0.6333,0.2562,0.0021,2.4263,2.1929
1362,331.67,2,50,0.6933,0.2560,0.0021,2.4263,2.1929
1363,331.67,2,50,0.6933,0.2557,0.0020,2.4263,2.1929
1364,331.67,2,50,0.6933,0.2555,0.0020,2.4263,2.1929
1365,330.83,2,50,0.7017,0.2552,0.0020,2.4263,2.1929
1366,330.83,2,50,0.7017,0.2550,0.0020,2.4263,2.1929
1367,330.83,2,50,0.7017,0.2547,0.0020,2.4263,2.1929
1368,331.67,2,40,0.6933,0.2544,0.0074,2.4263,2.1929
1369,266.67,2,40,0.6167,0.2542,0.0020,2.4263,2.1929
1370,266.67,2,40,0.6767,0.2539,0.0020,2.4263,2.1929
1371,266.67,2,40,0.6767,0.2537,0.0020,2.4263,2.1929
1372,265.00,2,40,0.6600,0.2534,0.0020,2.4263,2.1929
1373,265.83,2,40,0.6683,0.2532,0.0020,2.4263,2.1929
1374,266.67,2,40,0.6767,0.2529,0.0020,2.4263,2.1929
1375,265.00,2,30,0.6600,0.2527,0.0074,2.4263,2.1929
1376,200.00,1,40,-0.0500,0.2524,0.0068,2.4263,2.1929
1377,265.83,2,30,0.6083,0.2522,0.0073,2.4263,2.1929
1378,199.17,1,40,-0.0583,0.2519,0.0068,2.4263,2.1929
1379,265.83,2,40,0.6083,0.2517,0.0020,2.4263,2.1929
1380,265.00,2,40,0.6600,0.2514,0.0020,2.4263,2.1929
1381,266.67,2,40,0.6767,0.2512,0.0020,2.4263,2.1929
1382,266.67,2,40,0.6767,0.2509,0.0020,2.4263,2.1929
1383,265.83,2,50,0.6683,0.2507,0.0072,2.4263,2.1929
1384,331.67,2,60,0.6333,0.2504,0.0071,2.4263,2.1929
1385,397.50,3,70,-0.0250,0.2502,0.0256,2.4263,2.1929
1386,464.17,3,60,-0.6917,0.2499,0.0062,2.4263,2.1929
1387,397.50,3,50,-0.0250,0.2497,0.0062,2.4263,2.1929
1388,332.50,2,50,0.6250,0.2494,0.0020,2.4263,2.1929
1389,331.67,2,50,0.6933,0.2492,0.0020,2.4263,2.1929
1390,331.67,2,50,0.6933,0.2489,0.0020,2.4263,2.1929
1391,331.67,2,50,0.6933,0.2487,0.0020,2.4263,2.1929
1392,330.83,2,50,0.7017,0.2484,0.0020,2.4263,2.1929
1393,331.67,2,50,0.6933,0.2482,0.0020,2.4263,2.1929
1394,331.67,2,50,0.6933,0.2479,0.0020,2.4263,2.1929
1395,332.50,2,50,0.6850,0.2477,0.0020,2.4263,2.1929
1396,332.50,2,50,0.6850,0.2474,0.0020,2.4263,2.1929
1397,331.67,2,50,0.6933,0.2472,0.0020,2.4263,2.1929
1398,331.67,2,50,0.6933,0.2469,0.0019,2.4263,2.1929
1399,331.67,2,50,0.6933,0.2467,0.0019,2.4263,2.1929
1400,332.50,2,50,0.6850,0.2464,0.0019,2.4263,2.1929
1401,331.67,2,50,0.6933,0.2462,0.0019,2.4263,2.1929
1402,331.67,2,50,0.6933,0.2459,0.0019,2.4263,2.1929
1403,331.67,2,50,0.6933,0.2457,0.0019,2.4263,2.1929
1404,331.67,2,50,0.6933,0.2454,0.0019,2.4263,2.1929
1405,331.67,2,60,0.6933,0.2452,0.0071,2.4263,2.1929
1406,397.50,3,50,-0.0250,0.2450,0.0061,2.4263,2.1929
1407,331.67,2,40,0.6333,0.2447,0.0072,2.4263,2.1929
1408,266.67,2,40,0.6167,0.2445,0.0019,2.4263,2.1929
1409,266.67,2,40,0.6767,0.2442,0.0019,2.4263,2.1929
1410,265.00,2,40,0.6600,0.2440,0.0019,2.4263,2.1929
1411,265.00,2,40,0.6600,0.2437,0.0019,2.4263,2.1929
1412,266.67,2,40,0.6767,0.2435,0.0019,2.4263,2.1929
1413,267.50,2,40,0.6850,0.2432,0.0019,2.4263,2.1929
1414,363.33,3,30,0.3767,0.2430,0.0061,2.4263,2.1929
1415,380.83,3,20,0.1417,0.2428,0.0061,2.4263,2.1929
1416,315.83,2,20,0.7917,0.2425,0.0019,2.4263,2.1929
1417,340.83,2,20,0.6017,0.2423,0.0019,2.4263,2.1929
1418,358.33,3,10,0.4267,0.2420,0.0060,2.4263,2.1929
1419,295.00,2,10,0.9000,0.2418,0.0019,2.4263,2.1929
1420,295.83,2,10,0.9683,0.2415,0.0019,2.4263,2.1929
1421,295.83,2,10,0.9683,0.2413,0.0019,2.4263,2.1929
1422,295.00,2,10,0.9600,0.2411,0.0019,2.4263,2.1929
1423,295.00,2,10,0.9600,0.2408,0.0019,2.4263,2.1929
1424,295.83,2,10,0.9683,0.2406,0.0019,2.4263,2.1929
1425,88.33,0,20,-1.0000,0.2403,0.0588,2.4263,2.1929
1426,361.67,3,10,0.3333,0.2401,0.0060,2.4263,2.1929
1427,295.00,2,0,0.9000,0.2399,0.0072,2.4263,2.1929
1428,230.00,1,0,0.2500,0.2396,0.0189,2.4263,2.1929
1429,229.17,1,10,0.2417,0.2394,0.0067,2.4263,2.1929
1430,75.00,0,20,-1.0000,0.2391,0.0556,2.4263,2.1929
1431,135.00,1,30,-0.7000,0.2389,0.0067,2.4263,2.1929
1432,201.67,1,40,-0.0333,0.2387,0.0066,2.4263,2.1929
1433,266.67,2,40,0.6167,0.2384,0.0019,2.4263,2.1929
1434,268.33,2,40,0.6933,0.2382,0.0019,2.4263,2.1929
1435,266.67,2,40,0.6767,0.2379,0.0019,2.4263,2.1929
1436,266.67,2,30,0.6767,0.2377,0.0071,2.4263,2.1929
1437,200.00,1,40,-0.0500,0.2375,0.0066,2.4263,2.1929
1438,267.50,2,40,0.6250,0.2372,0.0019,2.4263,2.1929
1439,266.67,2,40,0.6767,0.2370,0.0019,2.4263,2.1929
1440,265.83,2,40,0.6683,0.2368,0.0019,2.4263,2.1929
1441,268.33,2,40,0.6933,0.2365,0.0019,2.4263,2.1929
1442,269.17,2,30,0.7017,0.2363,0.0071,2.4263,2.1929
1443,202.50,1,40,-0.0250,0.2361,0.0065,2.4263,2.1929
1444,268.33,2,40,0.6333,0.2358,0.0018,2.4263,2.1929
1445,267.50,2,40,0.6850,0.2356,0.0018,2.4263,2.1929
1446,265.00,2,50,0.6600,0.2353,0.0070,2.4263,2.1929
1447,332.50,2,50,0.6250,0.2351,0.0018,2.4263,2.1929
1448,332.50,2,50,0.6850,0.2349,0.0018,2.4263,2.1929
1449,333.33,2,50,0.6767,0.2346,0.0018,2.4263,2.1929
1450,333.33,2,50,0.6767,0.2344,0.0018,2.4263,2.1929
1451,332.50,2,60,0.6850,0.2342,0.0070,2.4263,2.1929
1452,397.50,3,70,-0.0250,0.2339,0.0250,2.4263,2.1929
1453,464.17,3,60,-0.6917,0.2337,0.0060,2.4263,2.1929
1454,398.33,3,50,-0.0333,0.2335,0.0059,2.4263,2.1929
1455,331.67,2,50,0.6333,0.2332,0.0018,2.4263,2.1929
1456,332.50,2,50,0.6850,0.2330,0.0018,2.4263,2.1929
1457,331.67,2,50,0.6933,0.2328,0.0018,2.4263,2.1929
1458,341.67,2,50,0.5933,0.2325,0.0018,2.4263,2.1929
1459,342.50,2,50,0.5850,0.2323,0.0018,2.4263,2.1929
1460,343.33,2,50,0.5767,0.2321,0.0018,2.4263,2.1929
1461,343.33,2,50,0.5767,0.2318,0.0018,2.4263,2.1929
1462,341.67,2,50,0.5933,0.2316,0.0018,2.4263,2.1929
1463,343.33,2,50,0.5767,0.2314,0.0018,2.4263,2.1929
1464,342.50,2,50,0.5850,0.2311,0.0018,2.4263,2.1929
1465,345.00,2,60,0.5600,0.2309,0.0069,2.4263,2.1929
1466,410.83,3,50,-0.1583,0.2307,0.0059,2.4263,2.1929
1467,345.83,2,50,0.4917,0.2305,0.0018,2.4263,2.1929
1468,344.17,2,50,0.5683,0.2302,0.0018,2.4263,2.1929
1469,338.33,2,50,0.6267,0.2300,0.0018,2.4263,2.1929
1470,338.33,2,50,0.6267,0.2298,0.0018,2.4263,2.1929
1471,338.33,2,50,0.6267,0.2295,0.0018,2.4263,2.1929
1472,338.33,2,40,0.6267,0.2293,0.0070,2.4263,2.1929
1473,385.00,3,30,0.1000,0.2291,0.0058,2.4263,2.1929
1474,321.67,2,30,0.7333,0.2288,0.0018,2.4263,2.1929
1475,327.50,2,40,0.7350,0.2286,0.0069,2.4263,2.1929
1476,400.00,3,50,-0.0500,0.2284,0.0244,2.4263,2.1929
1477,471.67,3,40,-0.7667,0.2282,0.0058,2.4263,2.1929
1478,410.83,3,30,-0.1583,0.2279,0.0058,2.4263,2.1929
1479,350.00,3,20,0.4500,0.2277,0.0057,2.4263,2.1929
1480,290.00,2,10,0.8500,0.2275,0.0070,2.4263,2.1929
1481,230.00,1,20,0.2500,0.2272,0.0065,2.4263,2.1929
1482,303.33,2,20,0.9167,0.2270,0.0018,2.4263,2.1929
1483,310.83,2,20,0.9017,0.2268,0.0018,2.4263,2.1929
1484,318.33,2,20,0.8267,0.2266,0.0018,2.4263,2.1929
1485,325.00,2,20,0.7600,0.2263,0.0018,2.4263,2.1929
1486,339.17,2,20,0.6183,0.2261,0.0018,2.4263,2.1929
1487,347.50,2,20,0.5350,0.2259,0.0018,2.4263,2.1929
1488,358.33,3,10,0.4267,0.2257,0.0057,2.4263,2.1929
1489,296.67,2,10,0.9167,0.2254,0.0018,2.4263,2.1929
1490,290.00,2,10,0.9100,0.2252,0.0018,2.4263,2.1929
1491,290.00,2,0,0.9100,0.2250,0.0069,2.4263,2.1929
1492,238.33,1,10,0.3333,0.2248,0.0065,2.4263,2.1929
1493,304.17,2,10,0.9083,0.2245,0.0018,2.4263,2.1929
1494,304.17,2,10,0.9683,0.2243,0.0017,2.4263,2.1929
1495,304.17,2,10,0.9683,0.2241,0.0017,2.4263,2.1929
1496,304.17,2,0,0.9683,0.2239,0.0069,2.4263,2.1929
1497,23.33,0,10,-1.0000,0.2236,0.0526,2.4263,2.1929
1498,89.17,0,20,-1.0000,0.2234,0.0500,2.4263,2.1929
1499,155.00,1,30,-0.5000,0.2232,0.0064,2.4263,2.1929
1500,220.00,1,40,0.1500,0.2230,0.0064,2.4263,2.1929
1501,286.67,2,40,0.8167,0.2227,0.0017,2.4263,2.1929
1502,285.83,2,40,0.8683,0.2225,0.0017,2.4263,2.1929
1503,285.00,2,40,0.8600,0.2223,0.0017,2.4263,2.1929
1504,285.00,2,40,0.8600,0.2221,0.0017,2.4263,2.1929
1505,283.33,2,30,0.8433,0.2219,0.0068,2.4263,2.1929
1506,216.67,1,40,0.1167,0.2216,0.0063,2.4263,2.1929
1507,281.67,2,40,0.7667,0.2214,0.0017,2.4263,2.1929
1508,281.67,2,40,0.8267,0.2212,0.0017,2.4263,2.1929
1509,280.83,2,40,0.8183,0.2210,0.0017,2.4263,2.1929
1510,280.83,2,30,0.8183,0.2207,0.0068,2.4263,2.1929
1511,213.33,1,40,0.0833,0.2205,0.0063,2.4263,2.1929
1512,280.00,2,40,0.7500,0.2203,0.0017,2.4263,2.1929
1513,278.33,2,40,0.7933,0.2201,0.0017,2.4263,2.1929
1514,280.00,2,40,0.8100,0.2199,0.0017,2.4263,2.1929
1515,280.00,2,40,0.8100,0.2196,0.0017,2.4263,2.1929
1516,279.17,2,50,0.8017,0.2194,0.0068,2.4263,2.1929
1517,345.00,2,50,0.5000,0.2192,0.0017,2.4263,2.1929
1518,345.83,2,50,0.5517,0.2190,0.0017,2.4263,2.1929
1519,344.17,2,50,0.5683,0.2188,0.0017,2.4263,2.1929
1520,345.00,2,50,0.5600,0.2185,0.0017,2.4263,2.1929
1521,345.00,2,50,0.5600,0.2183,0.0017,2.4263,2.1929
1522,345.83,2,60,0.5517,0.2181,0.0068,2.4263,2.1929
1523,522.50,4,50,-1.0000,0.2179,0.0179,2.4263,2.1929
1524,463.33,3,40,-0.6833,0.2177,0.0057,2.4263,2.1929
1525,400.83,3,50,-0.0583,0.2175,0.0238,2.4263,2.1929
1526,465.83,3,40,-0.7083,0.2172,0.0056,2.4263,2.1929
1527,406.67,3,30,-0.1167,0.2170,0.0056,2.4263,2.1929
1528,355.00,3,20,0.4000,0.2168,0.0056,2.4263,2.1929
1529,295.00,2,10,0.9000,0.2166,0.0068,2.4263,2.1929
1530,236.67,1,20,0.3167,0.2164,0.0063,2.4263,2.1929
1531,310.00,2,20,0.8500,0.2162,0.0017,2.4263,2.1929
1532,317.50,2,20,0.8350,0.2159,0.0017,2.4263,2.1929
1533,325.00,2,20,0.7600,0.2157,0.0017,2.4263,2.1929
1534,334.17,2,20,0.6683,0.2155,0.0017,2.4263,2.1929
1535,341.67,2,20,0.5933,0.2153,0.0017,2.4263,2.1929
1536,350.83,3,10,0.5017,0.2151,0.0056,2.4263,2.1929
1537,293.33,2,10,0.8833,0.2149,0.0017,2.4263,2.1929
1538,303.33,2,10,0.9767,0.2146,0.0017,2.4263,2.1929
1539,90.00,0,20,-1.0000,0.2144,0.0476,2.4263,2.1929
1540,155.83,1,30,-0.4917,0.2142,0.0062,2.4263,2.1929
1541,265.00,2,20,0.6000,0.2140,0.0067,2.4263,2.1929
1542,342.50,2,20,0.5250,0.2138,0.0017,2.4263,2.1929
1543,350.83,3,10,0.5017,0.2136,0.0055,2.4263,2.1929
1544,293.33,2,10,0.8833,0.2134,0.0017,2.4263,2.1929
1545,296.67,2,10,0.9767,0.2132,0.0017,2.4263,2.1929
1546,295.83,2,10,0.9683,0.2129,0.0017,2.4263,2.1929
1547,292.50,2,10,0.9350,0.2127,0.0017,2.4263,2.1929
1548,292.50,2,10,0.9350,0.2125,0.0017,2.4263,2.1929
1549,292.50,2,10,0.9350,0.2123,0.0017,2.4263,2.1929
1550,293.33,2,0,0.9433,0.2121,0.0067,2.4263,2.1929
1551,226.67,1,10,0.2167,0.2119,0.0062,2.4263,2.1929
1552,293.33,2,10,0.8833,0.2117,0.0017,2.4263,2.1929
1553,292.50,2,20,0.9350,0.2115,0.0068,2.4263,2.1929
1554,359.17,3,10,0.3583,0.2112,0.0055,2.4263,2.1929
1555,292.50,2,10,0.8750,0.2110,0.0017,2.4263,2.1929
1556,295.83,2,10,0.9683,0.2108,0.0017,2.4263,2.1929
